{
"type": "FeatureCollection",
"name": "hopewell_borough",
"crs": { "type": "name", "properties": { "name": "urn:ogc:def:crs:OGC:1.3:CRS84" } },
"features": [
{ "type": "Feature", "properties": { "kind": "street", "name": "1st Street", "municipality": "Hopewell Borough", "length_ft": 606.54, "decision": null, "traced_kerb_ft": 17.52, "kerb_coverage": 0.0144, "crossings": 1.0, "side": null, "source": null, "start_ft": null, "end_ft": null, "way_ids": null, "station_ft": null }, "geometry": { "type": "LineString", "coordinates": [ [ -74.75635, 40.38662 ], [ -74.7562817, 40.38664 ], [ -74.7562714, 40.3866426 ], [ -74.7551145, 40.3869351 ], [ -74.7550036, 40.3869709 ], [ -74.7549097, 40.3870171 ], [ -74.7548406, 40.3870633 ], [ -74.7546029, 40.3872318 ], [ -74.7545487, 40.3873041 ], [ -74.7545246, 40.3873925 ] ] } },
{ "type": "Feature", "properties": { "kind": "kerb", "name": "1st Street", "municipality": "Hopewell Borough", "length_ft": 9.91, "decision": null, "traced_kerb_ft": null, "kerb_coverage": null, "crossings": null, "side": "left", "source": "OSM tracing", "start_ft": 12.15, "end_ft": 22.06, "way_ids": "1550642001,1550642000", "station_ft": null }, "geometry": { "type": "LineString", "coordinates": [ [ -74.756362514129748, 40.386738251435318 ], [ -74.756351072839024, 40.386717396235397 ], [ -74.75633952935371, 40.386696575089296 ], [ -74.7563217, 40.3866792 ], [ -74.756292, 40.38667860000001 ] ] } },
{ "type": "Feature", "properties": { "kind": "kerb", "name": "1st Street", "municipality": "Hopewell Borough", "length_ft": 7.61, "decision": null, "traced_kerb_ft": null, "kerb_coverage": null, "crossings": null, "side": "right", "source": "OSM tracing", "start_ft": 14.55, "end_ft": 22.17, "way_ids": "1550641998,1550641999", "station_ft": null }, "geometry": { "type": "LineString", "coordinates": [ [ -74.756269221386972, 40.386570416450695 ], [ -74.756257706577784, 40.386549502029361 ], [ -74.756246191775745, 40.386528587606762 ], [ -74.7562726, 40.3865927 ], [ -74.7562614, 40.386608699999989 ] ] } },
{ "type": "Feature", "properties": { "kind": "crossing", "name": "1st Street", "municipality": "Hopewell Borough", "length_ft": null, "decision": null, "traced_kerb_ft": null, "kerb_coverage": null, "crossings": null, "side": null, "source": null, "start_ft": null, "end_ft": null, "way_ids": null, "station_ft": 0.0 }, "geometry": { "type": "Point", "coordinates": [ -74.75635, 40.38662 ] } },
{ "type": "Feature", "properties": { "kind": "street", "name": "2nd Street", "municipality": "Hopewell Borough", "length_ft": 1454.54, "decision": null, "traced_kerb_ft": 19.95, "kerb_coverage": 0.0069, "crossings": 1.0, "side": null, "source": null, "start_ft": null, "end_ft": null, "way_ids": null, "station_ft": null }, "geometry": { "type": "LineString", "coordinates": [ [ -74.756808, 40.3874449 ], [ -74.756733900000015, 40.3874635 ], [ -74.7558018, 40.3876995 ], [ -74.75405, 40.3881384 ], [ -74.7539583, 40.3881548 ], [ -74.7538775, 40.3881562 ], [ -74.753793, 40.388144 ], [ -74.7537179, 40.3881219 ], [ -74.7533882, 40.3878857 ], [ -74.7533181, 40.3878483 ], [ -74.7532586, 40.3878244 ], [ -74.753186, 40.387822 ], [ -74.7531096, 40.3878254 ], [ -74.7519449, 40.3881119 ] ] } },
{ "type": "Feature", "properties": { "kind": "kerb", "name": "2nd Street", "municipality": "Hopewell Borough", "length_ft": 11.43, "decision": null, "traced_kerb_ft": null, "kerb_coverage": null, "crossings": null, "side": "left", "source": "OSM tracing", "start_ft": 12.54, "end_ft": 23.97, "way_ids": "1550642007,1550642006", "station_ft": null }, "geometry": { "type": "LineString", "coordinates": [ [ -74.7568012, 40.3875394 ], [ -74.7567804, 40.387522200000014 ], [ -74.7567456, 40.3875101 ] ] } },
{ "type": "Feature", "properties": { "kind": "kerb", "name": "2nd Street", "municipality": "Hopewell Borough", "length_ft": 8.52, "decision": null, "traced_kerb_ft": null, "kerb_coverage": null, "crossings": null, "side": "right", "source": "OSM tracing", "start_ft": 16.84, "end_ft": 25.36, "way_ids": "1550642003,1550642005,1550642004", "station_ft": null }, "geometry": { "type": "LineString", "coordinates": [ [ -74.7567214, 40.3873914 ], [ -74.756709419965162, 40.387369630006063 ], [ -74.756697439938051, 40.387347860010777 ], [ -74.7567183, 40.3874103 ], [ -74.7567053, 40.3874292 ] ] } },
{ "type": "Feature", "properties": { "kind": "crossing", "name": "2nd Street", "municipality": "Hopewell Borough", "length_ft": null, "decision": null, "traced_kerb_ft": null, "kerb_coverage": null, "crossings": null, "side": null, "source": null, "start_ft": null, "end_ft": null, "way_ids": null, "station_ft": 0.0 }, "geometry": { "type": "Point", "coordinates": [ -74.756808, 40.3874449 ] } },
{ "type": "Feature", "properties": { "kind": "street", "name": "Blackwell Avenue", "municipality": "Hopewell Borough", "length_ft": 800.01, "decision": null, "traced_kerb_ft": 131.4, "kerb_coverage": 0.0821, "crossings": 4.0, "side": null, "source": null, "start_ft": null, "end_ft": null, "way_ids": null, "station_ft": null }, "geometry": { "type": "LineString", "coordinates": [ [ -74.7610186, 40.3895246 ], [ -74.7610542, 40.3896047 ], [ -74.7610645, 40.3896268 ], [ -74.7612568, 40.3900399 ], [ -74.7615333, 40.3906826 ], [ -74.7616672, 40.3909844 ], [ -74.7617761, 40.3912285 ], [ -74.7619093, 40.391538 ], [ -74.7619174, 40.3915552 ], [ -74.7619314, 40.391606400000015 ] ] } },
{ "type": "Feature", "properties": { "kind": "kerb", "name": "Blackwell Avenue", "municipality": "Hopewell Borough", "length_ft": 66.31, "decision": null, "traced_kerb_ft": null, "kerb_coverage": null, "crossings": null, "side": "left", "source": "OSM tracing", "start_ft": 18.44, "end_ft": 84.75, "way_ids": "1546869358,1546869359,1547330315,1547330316,1547330321", "station_ft": null }, "geometry": { "type": "LineString", "coordinates": [ [ -74.761178610036865, 40.389536490032718 ], [ -74.7611496, 40.389546 ], [ -74.7611173, 40.3895574 ], [ -74.7611064, 40.3895771 ], [ -74.7611145, 40.389599 ], [ -74.76112438331738, 40.389620716669029 ], [ -74.761134266641136, 40.389642433337116 ], [ -74.761144149971287, 40.389664150004258 ], [ -74.761154033307804, 40.389685866670455 ], [ -74.761163916650702, 40.389707583335714 ], [ -74.7611738, 40.3897293 ] ] } },
{ "type": "Feature", "properties": { "kind": "kerb", "name": "Blackwell Avenue", "municipality": "Hopewell Borough", "length_ft": 65.09, "decision": null, "traced_kerb_ft": null, "kerb_coverage": null, "crossings": null, "side": "right", "source": "OSM tracing", "start_ft": 22.76, "end_ft": 87.85, "way_ids": "1546869360,1547330318,1547330319,1547330317,1547330320", "station_ft": null }, "geometry": { "type": "LineString", "coordinates": [ [ -74.76089263343448, 40.389623322335886 ], [ -74.7609846, 40.3896014 ], [ -74.7610043, 40.3896083 ], [ -74.7610137, 40.3896262 ], [ -74.761023816649214, 40.389649400002511 ], [ -74.761033933305413, 40.389672600004012 ], [ -74.761044049968589, 40.389695800004517 ], [ -74.761054166638743, 40.389719000004007 ], [ -74.761064283315875, 40.389742200002516 ], [ -74.7610744, 40.3897654 ] ] } },
{ "type": "Feature", "properties": { "kind": "crossing", "name": "Blackwell Avenue", "municipality": "Hopewell Borough", "length_ft": null, "decision": null, "traced_kerb_ft": null, "kerb_coverage": null, "crossings": null, "side": null, "source": null, "start_ft": null, "end_ft": null, "way_ids": null, "station_ft": 0.0 }, "geometry": { "type": "Point", "coordinates": [ -74.7610186, 40.3895246 ] } },
{ "type": "Feature", "properties": { "kind": "crossing", "name": "Blackwell Avenue", "municipality": "Hopewell Borough", "length_ft": null, "decision": null, "traced_kerb_ft": null, "kerb_coverage": null, "crossings": null, "side": null, "source": null, "start_ft": null, "end_ft": null, "way_ids": null, "station_ft": 561.65 }, "geometry": { "type": "Point", "coordinates": [ -74.76166720027912, 40.390984400625641 ] } },
{ "type": "Feature", "properties": { "kind": "crossing", "name": "Blackwell Avenue", "municipality": "Hopewell Borough", "length_ft": null, "decision": null, "traced_kerb_ft": null, "kerb_coverage": null, "crossings": null, "side": null, "source": null, "start_ft": null, "end_ft": null, "way_ids": null, "station_ft": 655.6 }, "geometry": { "type": "Point", "coordinates": [ -74.761776099125839, 40.391228498040554 ] } },
{ "type": "Feature", "properties": { "kind": "crossing", "name": "Blackwell Avenue", "municipality": "Hopewell Borough", "length_ft": null, "decision": null, "traced_kerb_ft": null, "kerb_coverage": null, "crossings": null, "side": null, "source": null, "start_ft": null, "end_ft": null, "way_ids": null, "station_ft": 800.01 }, "geometry": { "type": "Point", "coordinates": [ -74.7619314, 40.391606400000015 ] } },
{ "type": "Feature", "properties": { "kind": "street", "name": "Broad Street", "municipality": "Hopewell Borough", "length_ft": 6868.02, "decision": "CorridorFacility", "traced_kerb_ft": 8869.17, "kerb_coverage": 0.6457, "crossings": 12.0, "side": null, "source": null, "start_ft": null, "end_ft": null, "way_ids": null, "station_ft": null }, "geometry": { "type": "LineString", "coordinates": [ [ -74.774452355275514, 40.382737736090348 ], [ -74.7742189, 40.3828455 ], [ -74.7739767, 40.382957 ], [ -74.7735536, 40.3831515 ], [ -74.77211, 40.3838404 ], [ -74.7718222, 40.3839778 ], [ -74.7711041, 40.3843411 ], [ -74.7707533, 40.3845188 ], [ -74.7707028, 40.3845433 ], [ -74.770537, 40.3846235 ], [ -74.7691881, 40.3852804 ], [ -74.7691214, 40.3853129 ], [ -74.7690549, 40.3853453 ], [ -74.7688665, 40.385436 ], [ -74.768683, 40.3855243 ], [ -74.7686447, 40.3855427 ], [ -74.7679547, 40.3858747 ], [ -74.7676528, 40.38602 ], [ -74.7675086, 40.3860894 ], [ -74.7674488, 40.3861181 ], [ -74.7673908, 40.3861459 ], [ -74.76715440000001, 40.3862632 ], [ -74.7669116, 40.3863836 ], [ -74.7667752, 40.3864513 ], [ -74.76661, 40.3865473 ], [ -74.7664501, 40.3866497 ], [ -74.7661259, 40.386919399999989 ], [ -74.7661109, 40.3869319 ], [ -74.7659448, 40.3870407 ], [ -74.7658873, 40.3870784 ], [ -74.7658496, 40.3871031 ], [ -74.7656818, 40.3871977 ], [ -74.7655528, 40.3872653 ], [ -74.7654472, 40.3873209 ], [ -74.7651691, 40.38746720000001 ], [ -74.7650926, 40.3875088 ], [ -74.7650573, 40.3875281 ], [ -74.7648961, 40.3876122 ], [ -74.7646798, 40.387728 ], [ -74.764531, 40.3878077 ], [ -74.7643664, 40.3878959 ], [ -74.7639537, 40.3881169 ], [ -74.7636737, 40.3882668 ], [ -74.7634816, 40.3883697 ], [ -74.763467800000015, 40.3883771 ], [ -74.7633703, 40.3884296 ], [ -74.763331, 40.3884507 ], [ -74.7632868, 40.3884745 ], [ -74.7630647, 40.3885939 ], [ -74.7626992, 40.3887905 ], [ -74.7625091, 40.3888927 ], [ -74.7624367, 40.388931700000022 ], [ -74.7624257, 40.3889376 ], [ -74.762346, 40.3889789 ], [ -74.7620696, 40.3891251 ], [ -74.762022, 40.3891501 ], [ -74.7619598, 40.389179 ], [ -74.7618938, 40.3892098 ], [ -74.7618563, 40.3892239 ], [ -74.7617431, 40.3892664 ], [ -74.7617073, 40.3892798 ], [ -74.7613723, 40.3894055 ], [ -74.7613388, 40.3894172 ], [ -74.761109, 40.3894976 ], [ -74.7610186, 40.3895246 ], [ -74.760936500000014, 40.3895484 ], [ -74.760529, 40.3896592 ], [ -74.760387, 40.3896965 ], [ -74.7603056, 40.3897178 ], [ -74.760297, 40.3897201 ], [ -74.7600099, 40.389797 ], [ -74.7599925, 40.3898017 ], [ -74.759978500000017, 40.3898054 ], [ -74.7599414, 40.389815 ], [ -74.7598022, 40.3898509 ], [ -74.7596283, 40.3898958 ], [ -74.759611, 40.3899003 ], [ -74.7595799, 40.3899083 ], [ -74.7593138, 40.3899767 ], [ -74.7591343, 40.3900228 ], [ -74.7589582, 40.3900681 ], [ -74.758864, 40.390093 ], [ -74.7588033, 40.3901085 ], [ -74.7587277, 40.390128900000015 ], [ -74.7586188, 40.3901584 ], [ -74.7585983, 40.3901639 ], [ -74.7584878, 40.3901938 ], [ -74.7584697, 40.3901984 ], [ -74.7584162, 40.3902121 ], [ -74.7583726, 40.3902248 ], [ -74.7583397, 40.3902329 ], [ -74.7581576, 40.3902766 ], [ -74.7581158, 40.390288 ], [ -74.7580447, 40.3903067 ], [ -74.7578256, 40.3903653 ], [ -74.7574478, 40.3904629 ], [ -74.7573326, 40.3904926 ], [ -74.7572603, 40.3905111 ], [ -74.7570834, 40.3905565 ], [ -74.7568644, 40.3906127 ], [ -74.7566939, 40.390656400000012 ], [ -74.7565771, 40.390686100000011 ], [ -74.7560456, 40.3908259 ], [ -74.7559645, 40.3908461 ], [ -74.7556979, 40.3909165 ], [ -74.754906, 40.3911199 ], [ -74.75484, 40.39113720000001 ], [ -74.75430350000002, 40.3912789 ], [ -74.7541902, 40.3913074 ], [ -74.7538676, 40.3913887 ], [ -74.7534515, 40.3914937 ], [ -74.7533947, 40.39150810000001 ], [ -74.752947832272412, 40.391615387432878 ] ] } },
{ "type": "Feature", "properties": { "kind": "kerb", "name": "Broad Street", "municipality": "Hopewell Borough", "length_ft": 63.51, "decision": null, "traced_kerb_ft": null, "kerb_coverage": null, "crossings": null, "side": "left", "source": "OSM tracing", "start_ft": 2069.37, "end_ft": 2132.89, "way_ids": "1550596553", "station_ft": null }, "geometry": { "type": "LineString", "coordinates": [ [ -74.7682056, 40.385812 ], [ -74.768178071461165, 40.385825314305364 ], [ -74.768150542911471, 40.385838628604183 ], [ -74.768123014350891, 40.385851942896437 ], [ -74.768095485779469, 40.385865257182154 ], [ -74.768067957197175, 40.385878571461319 ], [ -74.768040428604024, 40.385891885733933 ], [ -74.7680129, 40.3859052 ] ] } },
{ "type": "Feature", "properties": { "kind": "kerb", "name": "Broad Street", "municipality": "Hopewell Borough", "length_ft": 146.8, "decision": null, "traced_kerb_ft": null, "kerb_coverage": null, "crossings": null, "side": "left", "source": "OSM tracing", "start_ft": 2146.46, "end_ft": 2293.26, "way_ids": "1550363464,1550363450,1550363449,1550363447,1550363448", "station_ft": null }, "geometry": { "type": "LineString", "coordinates": [ [ -74.7679718, 40.38592520000001 ], [ -74.767945816718978, 40.385937550032111 ], [ -74.767919833428437, 40.38594990005835 ], [ -74.767893850128388, 40.385962250078769 ], [ -74.767867866818833, 40.385974600093355 ], [ -74.767841883499784, 40.385986950102101 ], [ -74.7678159001712, 40.38599930010502 ], [ -74.767789916833109, 40.38601165010212 ], [ -74.767763933485512, 40.38602400009335 ], [ -74.767737950128392, 40.386036350078776 ], [ -74.76771196676178, 40.386048700058353 ], [ -74.767685983385647, 40.386061050032097 ], [ -74.76766, 40.3860734 ], [ -74.767635320017348, 40.386085260010525 ], [ -74.767610640026035, 40.386097120015798 ], [ -74.767585960026025, 40.386108980015784 ], [ -74.767561280017347, 40.38612084001052 ], [ -74.7675366, 40.3861327 ], [ -74.767572999943496, 40.386197500014369 ] ] } },
{ "type": "Feature", "properties": { "kind": "kerb", "name": "Broad Street", "municipality": "Hopewell Borough", "length_ft": 466.37, "decision": null, "traced_kerb_ft": null, "kerb_coverage": null, "crossings": null, "side": "left", "source": "OSM tracing", "start_ft": 2319.8, "end_ft": 2786.17, "way_ids": "1550363446,1550363445,1550363443,1550363444,1550363441,1550363442,1547974223,1546755072,1546755071", "station_ft": null }, "geometry": { "type": "LineString", "coordinates": [ [ -74.7674851, 40.3862276 ], [ -74.7674446, 40.3861853 ], [ -74.7674302, 40.3861848 ], [ -74.7674174, 40.3861912 ], [ -74.767392875030552, 40.386203212518197 ], [ -74.767368350052394, 40.386215225031187 ], [ -74.767343825065467, 40.386227237538989 ], [ -74.767319300069843, 40.386239250041591 ], [ -74.767294775065466, 40.386251262538984 ], [ -74.767270250052391, 40.386263275031197 ], [ -74.767245725030548, 40.386275287518203 ], [ -74.7672212, 40.3862873 ], [ -74.76719665476783, 40.386299655540164 ], [ -74.7671721, 40.386312 ], [ -74.767147571027039, 40.386324047755707 ], [ -74.767123042045341, 40.386336095506188 ], [ -74.767098513054876, 40.386348143251489 ], [ -74.767073984055671, 40.386360190991581 ], [ -74.767049455047683, 40.386372238726487 ], [ -74.767024926030942, 40.386384286456178 ], [ -74.767000397005461, 40.386396334180674 ], [ -74.766975867971198, 40.386408381899969 ], [ -74.766951493897295, 40.386420606116509 ], [ -74.766927624660795, 40.38643340532407 ], [ -74.766903755415242, 40.386446204526692 ], [ -74.766879886160638, 40.38645900372439 ], [ -74.76685601689698, 40.386471802917171 ], [ -74.766832147624285, 40.386484602105028 ], [ -74.766809129028019, 40.386498256742982 ], [ -74.76678662052764, 40.386512424341696 ], [ -74.766764112017825, 40.38652659193604 ], [ -74.766741603498559, 40.386540759525978 ], [ -74.766719094969844, 40.38655492711154 ], [ -74.766697197765154, 40.38656963334649 ], [ -74.766675685355679, 40.386584678633803 ], [ -74.766654172936626, 40.386599723917115 ], [ -74.766633041044315, 40.386615077844795 ], [ -74.766612133227099, 40.386630613521021 ], [ -74.766591225400262, 40.386646149193446 ], [ -74.766570389781819, 40.38666174062363 ], [ -74.766549870846887, 40.386677576577704 ], [ -74.766529351902335, 40.386693412528125 ], [ -74.76650883294819, 40.386709248474908 ], [ -74.766488313984425, 40.386725084418025 ], [ -74.766467795011053, 40.386740920357482 ], [ -74.76644727602806, 40.386756756293288 ], [ -74.766426757035461, 40.386772592225448 ], [ -74.766406238033241, 40.386788428153956 ], [ -74.766385719021415, 40.386804264078805 ], [ -74.7663652, 40.3868201 ], [ -74.766343157176152, 40.386837128584077 ], [ -74.766321114341224, 40.386854157163938 ], [ -74.766299071495183, 40.386871185739594 ], [ -74.766277028638044, 40.386888214311007 ], [ -74.766254985769791, 40.386905242878228 ], [ -74.766232942890454, 40.386922271441229 ], [ -74.7662109, 40.3869393 ], [ -74.76618598467094, 40.386957902703294 ], [ -74.7661681, 40.3869799 ] ] } },
{ "type": "Feature", "properties": { "kind": "kerb", "name": "Broad Street", "municipality": "Hopewell Borough", "length_ft": 257.8, "decision": null, "traced_kerb_ft": null, "kerb_coverage": null, "crossings": null, "side": "left", "source": "OSM tracing", "start_ft": 2839.68, "end_ft": 3097.48, "way_ids": "1546755074,1546755075,1546755078,1546755077,1546755076,1546773315,1547330254,1547330256,1547330255,1547330257,1547330258", "station_ft": null }, "geometry": { "type": "LineString", "coordinates": [ [ -74.766062674998395, 40.387114625014895 ], [ -74.7660288, 40.3871135 ], [ -74.7659967, 40.3871124 ], [ -74.7659458, 40.387122 ], [ -74.7659129, 40.3871397 ], [ -74.765880650008356, 40.387157200004502 ], [ -74.7658484, 40.38717470000001 ], [ -74.765822433359645, 40.387188383347919 ], [ -74.765796466708764, 40.387202066689994 ], [ -74.765770500047367, 40.387215750026243 ], [ -74.765744533375425, 40.387229433356666 ], [ -74.765718566692968, 40.387243116681255 ], [ -74.7656926, 40.38725680000001 ], [ -74.765668737530831, 40.387269262517243 ], [ -74.765644875052857, 40.387281725029545 ], [ -74.765621012566072, 40.387294187536938 ], [ -74.765597150070477, 40.387306650039399 ], [ -74.765573287566085, 40.387319112536929 ], [ -74.765549425052868, 40.387331575029549 ], [ -74.76552556253084, 40.387344037517231 ], [ -74.7655017, 40.3873565 ], [ -74.7654741, 40.3873719 ], [ -74.765448631064544, 40.387385117580337 ], [ -74.765423162119077, 40.387398335155055 ], [ -74.765397693163663, 40.387411552724181 ], [ -74.765372224198273, 40.387424770287694 ], [ -74.765346755222893, 40.387437987845601 ], [ -74.765321286237551, 40.387451205397895 ], [ -74.765295817242233, 40.387464422944589 ], [ -74.7652729, 40.3874799 ], [ -74.7652726, 40.387503 ], [ -74.765287837006625, 40.387522086707762 ] ] } },
{ "type": "Feature", "properties": { "kind": "kerb", "name": "Broad Street", "municipality": "Hopewell Borough", "length_ft": 1059.95, "decision": null, "traced_kerb_ft": null, "kerb_coverage": null, "crossings": null, "side": "left", "source": "OSM tracing", "start_ft": 3128.49, "end_ft": 4188.43, "way_ids": "1547330260,1547330259,1547330240,1547330241,1547330252,1547330242,1547330251,1547330243,1547330250,1547330244,1547330249,1546798726,1546749244,1546607277", "station_ft": null }, "geometry": { "type": "LineString", "coordinates": [ [ -74.7651904, 40.3875616 ], [ -74.765161512888966, 40.387544346177151 ], [ -74.7651287, 40.3875564 ], [ -74.765104833342718, 40.387569666671595 ], [ -74.765080966676052, 40.387582933338251 ], [ -74.7650571, 40.3875962 ], [ -74.765033298677253, 40.387608910399777 ], [ -74.765009497345517, 40.387621620794668 ], [ -74.764985696004842, 40.387634331184664 ], [ -74.764961894655173, 40.387647041569757 ], [ -74.764938093296564, 40.38765975194994 ], [ -74.764914291928989, 40.387672462325234 ], [ -74.764890490552446, 40.387685172695633 ], [ -74.764866759128296, 40.387697959139963 ], [ -74.764843065089565, 40.387710786243623 ], [ -74.764819371041824, 40.387723613342438 ], [ -74.764795676985074, 40.387736440436385 ], [ -74.764771982919328, 40.387749267525479 ], [ -74.764748288844572, 40.387762094609727 ], [ -74.764724594417544, 40.387774921318353 ], [ -74.764700899074541, 40.387787747042445 ], [ -74.764677203722528, 40.387800572761691 ], [ -74.764653508361519, 40.387813398476077 ], [ -74.764629812991501, 40.387826224185609 ], [ -74.764606117612487, 40.387839049890296 ], [ -74.764582422224464, 40.387851875590108 ], [ -74.764558726827445, 40.387864701285075 ], [ -74.764535031421417, 40.387877526975188 ], [ -74.764511336006379, 40.387890352660442 ], [ -74.764487640582345, 40.387903178340856 ], [ -74.764463945149316, 40.38791600401639 ], [ -74.764440249707278, 40.387928829687084 ], [ -74.764416554256229, 40.387941655352911 ], [ -74.764392858796199, 40.3879544810139 ], [ -74.764369163327146, 40.387967306670021 ], [ -74.764345467849097, 40.387980132321282 ], [ -74.764321772362052, 40.387992957967697 ], [ -74.764298076865998, 40.388005783609259 ], [ -74.764274381360934, 40.388018609245961 ], [ -74.764250685846875, 40.388031434877803 ], [ -74.76422699032382, 40.388044260504799 ], [ -74.764203297729608, 40.38805708929916 ], [ -74.764179608815169, 40.388069922071715 ], [ -74.764155919891721, 40.388082754839409 ], [ -74.764132230959262, 40.388095587602258 ], [ -74.764108542017809, 40.388108420360247 ], [ -74.764084853067345, 40.38812125311339 ], [ -74.764061164107872, 40.38813408586168 ], [ -74.764037475139403, 40.388146918605116 ], [ -74.764013786161925, 40.388159751343693 ], [ -74.763990097175437, 40.388172584077417 ], [ -74.763966408179954, 40.38818541680628 ], [ -74.763942719175461, 40.388198249530319 ], [ -74.763919030161958, 40.388211082249491 ], [ -74.763895341139445, 40.38822391496381 ], [ -74.763871652107937, 40.388236747673275 ], [ -74.76384796306742, 40.388249580377888 ], [ -74.763824274017907, 40.388262413077648 ], [ -74.763800584959384, 40.388275245772547 ], [ -74.763776895891837, 40.388288078462601 ], [ -74.763753206815295, 40.388300911147809 ], [ -74.763729517729772, 40.388313743828149 ], [ -74.76370582863521, 40.388326576503644 ], [ -74.763682139531653, 40.388339409174286 ], [ -74.763658450419101, 40.388352241840082 ], [ -74.763634761297538, 40.38836507450101 ], [ -74.763611071614008, 40.388377906560208 ], [ -74.763587381085003, 40.38839073771166 ], [ -74.763563690547016, 40.388403568858266 ], [ -74.76354, 40.3884164 ], [ -74.763516393354095, 40.388429289736521 ], [ -74.7634929, 40.3884423 ], [ -74.763465440024106, 40.388457120013037 ], [ -74.763437980036173, 40.388471940019578 ], [ -74.76341052003616, 40.388486760019568 ], [ -74.763383060024111, 40.388501580013056 ], [ -74.7633556, 40.3885164 ], [ -74.7633168, 40.388538 ], [ -74.763290971461032, 40.388552142874445 ], [ -74.763265142911237, 40.388566285743131 ], [ -74.763239314350628, 40.388580428606033 ], [ -74.763213485779204, 40.38859457146318 ], [ -74.763187657196951, 40.388608714314557 ], [ -74.763161828603899, 40.388622857160165 ], [ -74.763136, 40.388637 ], [ -74.7630923, 40.3886615 ], [ -74.763068114379436, 40.388674581002967 ], [ -74.763043928749497, 40.388687662000876 ], [ -74.763019743110192, 40.388700742993727 ], [ -74.762995557461508, 40.388713823981512 ], [ -74.762971371803459, 40.388726904964251 ], [ -74.762947186136032, 40.388739985941925 ], [ -74.762923000459239, 40.388753066914525 ], [ -74.762898814773067, 40.388766147882087 ], [ -74.76287462907753, 40.388779228844591 ], [ -74.762850443372614, 40.388792309802028 ], [ -74.762826257658318, 40.388805390754413 ], [ -74.762802071934672, 40.388818471701732 ], [ -74.762777886201633, 40.388831552644014 ], [ -74.762753700459228, 40.388844633581201 ], [ -74.762729514707459, 40.38885771451335 ], [ -74.762705328946311, 40.388870795440447 ], [ -74.762681143175797, 40.38888387636247 ], [ -74.762656957395905, 40.388896957279449 ], [ -74.762632771606647, 40.388910038191369 ], [ -74.76260858580801, 40.388923119098216 ], [ -74.7625844, 40.388936200000011 ], [ -74.76255990000486, 40.388949600002597 ], [ -74.7625354, 40.388963 ], [ -74.76250265000823, 40.388979950004639 ], [ -74.7624699, 40.3889969 ], [ -74.762445948637477, 40.389009765903623 ], [ -74.762421997265804, 40.389022631802256 ], [ -74.762398045885007, 40.389035497695943 ], [ -74.762374094495101, 40.389048363584664 ], [ -74.762350143096043, 40.389061229468432 ], [ -74.762326199395204, 40.389074103649179 ], [ -74.762302414538865, 40.389087148933896 ], [ -74.762278629673347, 40.389100194213725 ], [ -74.762254844798633, 40.389113239488658 ], [ -74.762231059914726, 40.389126284758689 ], [ -74.762207303692279, 40.389139360067063 ], [ -74.7621838, 40.3891527 ], [ -74.76215931032236, 40.389165492288114 ], [ -74.762134996547786, 40.389178477929619 ], [ -74.762111386015519, 40.389192184960798 ], [ -74.7620921, 40.3892093 ], [ -74.762081702932193, 40.389229894843659 ], [ -74.7620805, 40.3892519 ] ] } },
{ "type": "Feature", "properties": { "kind": "kerb", "name": "Broad Street", "municipality": "Hopewell Borough", "length_ft": 254.78, "decision": null, "traced_kerb_ft": null, "kerb_coverage": null, "crossings": null, "side": "left", "source": "OSM tracing", "start_ft": 4224.91, "end_ft": 4479.69, "way_ids": "1546607278,1546749247,1546798724,1546798725,1546869358,1546869359,1547330315,1547330316,1547330321", "station_ft": null }, "geometry": { "type": "LineString", "coordinates": [ [ -74.761962445182562, 40.389297261722 ], [ -74.761925, 40.38929550000001 ], [ -74.761894833325016, 40.389301663948672 ], [ -74.761865719845431, 40.389310441568 ], [ -74.761837006546827, 40.389319976286352 ], [ -74.7618084, 40.3893297 ], [ -74.7617616, 40.3893452 ], [ -74.761734755676059, 40.389353973857851 ], [ -74.761707911345127, 40.389362747709477 ], [ -74.761681067007189, 40.389371521554892 ], [ -74.761654222662273, 40.389380295394062 ], [ -74.761627396669567, 40.389389101948595 ], [ -74.761600582880732, 40.389397930260266 ], [ -74.761573769084848, 40.389406758565755 ], [ -74.761546955281943, 40.389415586865027 ], [ -74.761520141471991, 40.389424415158082 ], [ -74.761493327655018, 40.389433243444934 ], [ -74.761466513831024, 40.389442071725561 ], [ -74.7614397, 40.3894509 ], [ -74.761410690036868, 40.389460410032711 ], [ -74.76138168006554, 40.38946992005814 ], [ -74.761352670086026, 40.389479430076321 ], [ -74.761323660098313, 40.389488940087212 ], [ -74.761294650102414, 40.389498450090848 ], [ -74.761265640098301, 40.389507960087215 ], [ -74.761236630086017, 40.389517470076328 ], [ -74.761207620065548, 40.389526980058164 ], [ -74.761178610036865, 40.389536490032718 ], [ -74.7611496, 40.389546 ], [ -74.7611173, 40.3895574 ], [ -74.7611064, 40.3895771 ], [ -74.7611145, 40.389599 ], [ -74.76112438331738, 40.389620716669029 ] ] } },
{ "type": "Feature", "properties": { "kind": "kerb", "name": "Broad Street", "municipality": "Hopewell Borough", "length_ft": 602.03, "decision": null, "traced_kerb_ft": null, "kerb_coverage": null, "crossings": null, "side": "left", "source": "OSM tracing", "start_ft": 4508.8, "end_ft": 5110.83, "way_ids": "1547330317,1547330320,1547330319,1547330318,1546869360,1547330285,1546869361,1547330286,1546869362,1547330293,1546869363,1547330292,1546869372,1547330295,1547330294", "station_ft": null }, "geometry": { "type": "LineString", "coordinates": [ [ -74.7610137, 40.3896262 ], [ -74.761023816649214, 40.389649400002511 ], [ -74.7609846, 40.3896014 ], [ -74.76095, 40.3896085 ], [ -74.760921316720399, 40.389615911171504 ], [ -74.76089263343448, 40.389623322335886 ], [ -74.760863950142252, 40.389630733493185 ], [ -74.760835266843671, 40.389638144643378 ], [ -74.760806583538795, 40.389645555786458 ], [ -74.760777900227595, 40.389652966922434 ], [ -74.760749216910071, 40.389660378051303 ], [ -74.760720533586223, 40.389667789173075 ], [ -74.760691850256052, 40.389675200287734 ], [ -74.760663166919556, 40.389682611395294 ], [ -74.760634483576737, 40.389690022495756 ], [ -74.760605800227594, 40.389697433589106 ], [ -74.760577116872128, 40.389704844675336 ], [ -74.760548433510351, 40.389712255754482 ], [ -74.760519750142237, 40.389719666826508 ], [ -74.760491066767827, 40.389727077891457 ], [ -74.760462383387065, 40.389734488949273 ], [ -74.7604337, 40.3897419 ], [ -74.7603857, 40.3897557 ], [ -74.760358300031896, 40.389762816702337 ], [ -74.760330900057994, 40.389769933398171 ], [ -74.760303500078294, 40.389777050087531 ], [ -74.760276100092781, 40.389784166770404 ], [ -74.760248700101471, 40.38979128344679 ], [ -74.760221300104376, 40.389798400116703 ], [ -74.76019390010147, 40.389805516780129 ], [ -74.76016650009278, 40.389812633437067 ], [ -74.760139100078291, 40.389819750087526 ], [ -74.76011170005799, 40.389826866731489 ], [ -74.760084300031878, 40.389833983368995 ], [ -74.7600569, 40.3898411 ], [ -74.7600139, 40.3898528 ], [ -74.759986341699118, 40.389860000036073 ], [ -74.759958783392335, 40.389867200065581 ], [ -74.759931225079669, 40.389874400088537 ], [ -74.759903666761062, 40.389881600104935 ], [ -74.7598761084366, 40.389888800114775 ], [ -74.759848550106213, 40.389896000118057 ], [ -74.759820991769914, 40.389903200114766 ], [ -74.759793433427731, 40.389910400104931 ], [ -74.759765875079651, 40.389917600088538 ], [ -74.75973831672566, 40.389924800065586 ], [ -74.75971075836577, 40.389932000036076 ], [ -74.7596832, 40.3899392 ], [ -74.759647518128858, 40.38994780720072 ], [ -74.759612142102029, 40.389957127831572 ], [ -74.7595767, 40.3899663 ], [ -74.75954903752104, 40.389973612523129 ], [ -74.759521375036087, 40.389980925039644 ], [ -74.759493712545108, 40.389988237549559 ], [ -74.759466050048118, 40.389995550052859 ], [ -74.759438387545117, 40.390002862549565 ], [ -74.759410725036091, 40.390010175039656 ], [ -74.759383062521053, 40.390017487523131 ], [ -74.7593554, 40.3900248 ], [ -74.7593126, 40.3900357 ], [ -74.759283161797711, 40.390043273096801 ], [ -74.75925372358877, 40.390050846186121 ], [ -74.759224285373207, 40.390058419267959 ], [ -74.759194847151022, 40.390065992342315 ], [ -74.7591654089222, 40.390073565409182 ], [ -74.759136422536258, 40.390082075365385 ], [ -74.759107602132502, 40.390090929489091 ], [ -74.759078781721158, 40.390099783605621 ], [ -74.759049961302239, 40.390108637714974 ], [ -74.759021140875745, 40.390117491817158 ], [ -74.758992320441649, 40.390126345912158 ], [ -74.7589635, 40.39013520000001 ], [ -74.7589622, 40.3901552 ] ] } },
{ "type": "Feature", "properties": { "kind": "kerb", "name": "Broad Street", "municipality": "Hopewell Borough", "length_ft": 826.57, "decision": null, "traced_kerb_ft": null, "kerb_coverage": null, "crossings": null, "side": "left", "source": "OSM tracing", "start_ft": 5140.99, "end_ft": 5967.55, "way_ids": "1546869364,1547330296,1547330297,1546751147,1546751146,1546751145,1546607275,1546751149,1546751150,1546804848,1546804849,1547001984,1547001982,1547001983,1547364677,1547355651,1547355648,1547355649,1547355650,1550469731,1550469732,1550469730", "station_ft": null }, "geometry": { "type": "LineString", "coordinates": [ [ -74.758851300000018, 40.3901654 ], [ -74.758826333997249, 40.390162136604125 ], [ -74.758799089337245, 40.390169224409171 ], [ -74.758771844671486, 40.390176312207778 ], [ -74.7587446, 40.3901834 ], [ -74.758716083348531, 40.390190566684225 ], [ -74.75868756669098, 40.390197733361433 ], [ -74.758659050027362, 40.390204900031591 ], [ -74.75863053335766, 40.390212066694758 ], [ -74.758602016681863, 40.390219233350891 ], [ -74.7585735, 40.3902264 ], [ -74.758539066675951, 40.39023546667692 ], [ -74.758504633342625, 40.390244533343576 ], [ -74.7584702, 40.3902536 ], [ -74.7584574, 40.3902573 ], [ -74.7584315, 40.3902633 ], [ -74.758394650005044, 40.390272500005871 ], [ -74.758357800000013, 40.39028170000001 ], [ -74.758329428589775, 40.390288942878001 ], [ -74.758301057173412, 40.390296185749051 ], [ -74.758272685750953, 40.390303428613144 ], [ -74.758244314322383, 40.390310671470282 ], [ -74.758215942887702, 40.390317914320477 ], [ -74.758187571446896, 40.390325157163709 ], [ -74.7581592, 40.3903324 ], [ -74.758127650010977, 40.390340200012886 ], [ -74.75809610001464, 40.390348000017184 ], [ -74.758064550010971, 40.390355800012891 ], [ -74.758033, 40.3903636 ], [ -74.757997700008687, 40.390371866677434 ], [ -74.75796240000868, 40.390380133344088 ], [ -74.7579271, 40.3903884 ], [ -74.757899940012209, 40.390395960012732 ], [ -74.757872780018303, 40.390403520019113 ], [ -74.757845620018301, 40.390411080019106 ], [ -74.757818460012203, 40.39041864001274 ], [ -74.7577913, 40.3904262 ], [ -74.757762400003216, 40.390433700003605 ], [ -74.7577335, 40.3904412 ], [ -74.757704569942788, 40.39044881990143 ], [ -74.757675639879011, 40.390456439795642 ], [ -74.757646709808697, 40.3904640596826 ], [ -74.757617779731817, 40.390471679562353 ], [ -74.757588849648386, 40.390479299434858 ], [ -74.757559919558389, 40.390486919300159 ], [ -74.757530989461841, 40.390494539158226 ], [ -74.757502059358757, 40.39050215900906 ], [ -74.757473081936723, 40.390509671434202 ], [ -74.7574531, 40.3905147 ], [ -74.757445168413028, 40.390518783589478 ], [ -74.757424475021381, 40.390521875024774 ], [ -74.7574249, 40.3905361 ], [ -74.757395850036659, 40.39052905004246 ], [ -74.757367225045826, 40.390536225053076 ], [ -74.757338600048882, 40.390543400056615 ], [ -74.757309975045828, 40.390550575053069 ], [ -74.757281350036664, 40.390557750042468 ], [ -74.7572739, 40.3905725 ], [ -74.757252725021388, 40.390564925024776 ], [ -74.7572241, 40.3905721 ], [ -74.757196661160137, 40.390579166721942 ], [ -74.757169222314502, 40.390586233437368 ], [ -74.757141783463084, 40.3905933001463 ], [ -74.757114344605924, 40.390600366848723 ], [ -74.75708690574298, 40.390607433544652 ], [ -74.757059466874281, 40.390614500234072 ], [ -74.757032027999799, 40.390621566916984 ], [ -74.75700458911956, 40.390628633593408 ], [ -74.756977150233553, 40.390635700263317 ], [ -74.75694971134179, 40.390642766926753 ], [ -74.756922272444243, 40.390649833583652 ], [ -74.75689483354094, 40.39065690023407 ], [ -74.756867394631854, 40.390663966877987 ], [ -74.756839955717027, 40.390671033515396 ], [ -74.756812516796415, 40.390678100146289 ], [ -74.756785077870063, 40.390685166770702 ], [ -74.756757638937913, 40.390692233388606 ], [ -74.7567302, 40.3906993 ], [ -74.7567003, 40.3907072 ], [ -74.75667271369764, 40.390714313705367 ], [ -74.756645127389461, 40.390721427404159 ], [ -74.756617541075414, 40.390728541096394 ], [ -74.756589954755555, 40.390735654782048 ], [ -74.756562368429854, 40.390742768461124 ], [ -74.756534782098313, 40.390749882133633 ], [ -74.756507195760932, 40.390756995799556 ], [ -74.756479609417724, 40.390764109458935 ], [ -74.756452023068675, 40.390771223111734 ], [ -74.7564244367138, 40.390778336757947 ], [ -74.756396850353084, 40.390785450397601 ], [ -74.756369263986528, 40.390792564030669 ], [ -74.756341677614131, 40.390799677657178 ], [ -74.756314091235907, 40.390806791277114 ], [ -74.756286504851843, 40.390813904890479 ], [ -74.756258918461938, 40.390821018497277 ], [ -74.756231332066207, 40.390828132097482 ], [ -74.756203745664635, 40.390835245691136 ], [ -74.756176159257237, 40.39084235927821 ], [ -74.756148572843983, 40.390849472858704 ], [ -74.756120986424904, 40.390856586432648 ], [ -74.7560934, 40.3908637 ], [ -74.7560707, 40.3908694 ], [ -74.7560491, 40.3908932 ], [ -74.7560474, 40.3909104 ] ] } },
{ "type": "Feature", "properties": { "kind": "kerb", "name": "Broad Street", "municipality": "Hopewell Borough", "length_ft": 274.21, "decision": null, "traced_kerb_ft": null, "kerb_coverage": null, "crossings": null, "side": "left", "source": "OSM tracing", "start_ft": 6000.9, "end_ft": 6275.12, "way_ids": "1550469728,1550469729,1550469727,1550469740", "station_ft": null }, "geometry": { "type": "LineString", "coordinates": [ [ -74.7559381, 40.3909445 ], [ -74.7559118, 40.3909309 ], [ -74.7558718, 40.39093110000001 ], [ -74.755843557182629, 40.390938385759057 ], [ -74.755815314359154, 40.39094567151124 ], [ -74.755787071529539, 40.390952957256516 ], [ -74.755758828693814, 40.390960242994915 ], [ -74.755730585851964, 40.390967528726421 ], [ -74.755702343004018, 40.390974814451035 ], [ -74.755674100149932, 40.390982100168763 ], [ -74.755645857289721, 40.390989385879621 ], [ -74.7556176144234, 40.390996671583565 ], [ -74.755589371550968, 40.391003957280631 ], [ -74.755561128672397, 40.391011242970798 ], [ -74.755532885787716, 40.391018528654094 ], [ -74.755504642896938, 40.391025814330497 ], [ -74.7554764, 40.3910331 ], [ -74.75544793752799, 40.391040474112685 ], [ -74.755419475049735, 40.391047848218363 ], [ -74.755391012565212, 40.391055222317043 ], [ -74.75536255007448, 40.391062596408737 ], [ -74.755334087577481, 40.391069970493426 ], [ -74.755305625074243, 40.391077344571123 ], [ -74.755277162564781, 40.391084718641835 ], [ -74.75524870004908, 40.391092092705534 ], [ -74.755220237527112, 40.391099466762235 ], [ -74.75519177499892, 40.39110684081195 ], [ -74.755163312464489, 40.391114214854667 ], [ -74.755134849923806, 40.391121588890393 ], [ -74.755106387376884, 40.391128962919105 ], [ -74.755077924823723, 40.391136336940839 ], [ -74.755049455322848, 40.391143695253305 ], [ -74.755020978581882, 40.39115103719508 ], [ -74.754992501834693, 40.391158379129863 ] ] } },
{ "type": "Feature", "properties": { "kind": "kerb", "name": "Broad Street", "municipality": "Hopewell Borough", "length_ft": 147.32, "decision": null, "traced_kerb_ft": null, "kerb_coverage": null, "crossings": null, "side": "left", "source": "OSM tracing", "start_ft": 6306.26, "end_ft": 6453.58, "way_ids": "1550469737", "station_ft": null }, "geometry": { "type": "LineString", "coordinates": [ [ -74.7548871, 40.3911858 ], [ -74.754859244494682, 40.391192933390293 ], [ -74.754831388983433, 40.391200066773891 ], [ -74.754803533466301, 40.391207200150781 ], [ -74.754775677943243, 40.391214333520971 ], [ -74.754747822414274, 40.391221466884453 ], [ -74.754719966879421, 40.391228600241227 ], [ -74.754692111338628, 40.391235733591316 ], [ -74.754664255791937, 40.391242866934704 ], [ -74.754636400239335, 40.391250000271398 ], [ -74.754608544680821, 40.391257133601371 ], [ -74.754580689116409, 40.391264266924651 ], [ -74.754552833546072, 40.391271400241237 ], [ -74.754524977969837, 40.391278533551116 ], [ -74.754497122387676, 40.391285666854294 ], [ -74.754469266799632, 40.391292800150758 ], [ -74.754441411205661, 40.391299933440543 ], [ -74.754413555605794, 40.391307066723627 ], [ -74.7543857, 40.391314199999989 ] ] } },
{ "type": "Feature", "properties": { "kind": "kerb", "name": "Broad Street", "municipality": "Hopewell Borough", "length_ft": 90.33, "decision": null, "traced_kerb_ft": null, "kerb_coverage": null, "crossings": null, "side": "left", "source": "OSM tracing", "start_ft": 6488.63, "end_ft": 6578.96, "way_ids": "1550469741", "station_ft": null }, "geometry": { "type": "LineString", "coordinates": [ [ -74.7542657, 40.3913457 ], [ -74.754237757791756, 40.391352893265697 ], [ -74.754209815577511, 40.391360086524642 ], [ -74.754181873357282, 40.391367279776858 ], [ -74.7541539311311, 40.391374473022317 ], [ -74.75412598889892, 40.39138166626104 ], [ -74.754098046660772, 40.391388859493013 ], [ -74.754070104416655, 40.39139605271825 ], [ -74.754042162166542, 40.39140324593675 ], [ -74.754014219910459, 40.391410439148494 ], [ -74.753986277648394, 40.391417632353502 ], [ -74.753958504986045, 40.391425083059431 ] ] } },
{ "type": "Feature", "properties": { "kind": "kerb", "name": "Broad Street", "municipality": "Hopewell Borough", "length_ft": 104.79, "decision": null, "traced_kerb_ft": null, "kerb_coverage": null, "crossings": null, "side": "left", "source": "OSM tracing", "start_ft": 6616.42, "end_ft": 6721.21, "way_ids": "1550469742", "station_ft": null }, "geometry": { "type": "LineString", "coordinates": [ [ -74.753831048340032, 40.391457858805204 ], [ -74.753803059839854, 40.391465085065008 ], [ -74.753775071333649, 40.391472311318054 ], [ -74.753747082821448, 40.391479537564344 ], [ -74.753719094303221, 40.391486763803847 ], [ -74.753691105778984, 40.391493990036601 ], [ -74.753663117248749, 40.39150121626259 ], [ -74.753635128712475, 40.391508442481793 ], [ -74.753607140170189, 40.391515668694254 ], [ -74.753579151621906, 40.391522894899936 ], [ -74.753551163067584, 40.391530121098867 ], [ -74.753523174507265, 40.39153734729102 ], [ -74.753497887326091, 40.391548520707296 ], [ -74.7534823, 40.3915674 ] ] } },
{ "type": "Feature", "properties": { "kind": "kerb", "name": "Broad Street", "municipality": "Hopewell Borough", "length_ft": 211.82, "decision": null, "traced_kerb_ft": null, "kerb_coverage": null, "crossings": null, "side": "right", "source": "OSM tracing", "start_ft": 2081.87, "end_ft": 2293.69, "way_ids": "1550470319,1550363453,1550363452,1550363451,1550363461,1550363462,1550363463", "station_ft": null }, "geometry": { "type": "LineString", "coordinates": [ [ -74.7681051, 40.3857543 ], [ -74.768078783387352, 40.385766891699596 ], [ -74.768052466764885, 40.385779483393186 ], [ -74.768026150132584, 40.385792075080808 ], [ -74.767999833490478, 40.385804666762432 ], [ -74.767973516838538, 40.385817258438074 ], [ -74.767947200176792, 40.385829850107726 ], [ -74.767920883505212, 40.385842441771402 ], [ -74.767894566823813, 40.385855033429095 ], [ -74.767868250132594, 40.385867625080792 ], [ -74.767841933431555, 40.38588021672652 ], [ -74.767815616720682, 40.385892808366258 ], [ -74.7677893, 40.3859054 ], [ -74.76776281669143, 40.385918016681813 ], [ -74.767736333372952, 40.385930633357582 ], [ -74.767709850044568, 40.385943250027275 ], [ -74.767683366706279, 40.385955866690914 ], [ -74.7676568833581, 40.385968483348499 ], [ -74.7676304, 40.3859811 ], [ -74.7676127, 40.3859902 ], [ -74.767587200013637, 40.386002225008433 ], [ -74.767561700018177, 40.386014250011243 ], [ -74.767536200013637, 40.386026275008433 ], [ -74.7675107, 40.3860383 ], [ -74.76746, 40.3860532 ], [ -74.7674448, 40.3860422 ], [ -74.7674143, 40.3860064 ] ] } },
{ "type": "Feature", "properties": { "kind": "kerb", "name": "Broad Street", "municipality": "Hopewell Borough", "length_ft": 1855.89, "decision": null, "traced_kerb_ft": null, "kerb_coverage": null, "crossings": null, "side": "right", "source": "OSM tracing", "start_ft": 2322.32, "end_ft": 4178.21, "way_ids": "1550363455,1550363458,1550363460,1550363457,1550363459,1550363456,1547974228,1547974224,1547974227,1547974225,1547974226,1546773314,1546755079,1546755080,1547330282,1547330281,1547330280,1547330266,1547330279,1547330265,1547330278,1547330264,1547330277,1547330263,1547330276,1547330267,1547330275,1547330270,1547330269,1547330271,1547330274,1547330272,1547330283,1547330273,1547330284,1546749249,1546607280", "station_ft": null }, "geometry": { "type": "LineString", "coordinates": [ [ -74.7673605, 40.3860886 ], [ -74.7673706, 40.3861044 ], [ -74.767355, 40.3861154 ], [ -74.7673394, 40.3861223 ], [ -74.767314700072234, 40.38613463533629 ], [ -74.767290000135432, 40.386146970667326 ], [ -74.767265300189592, 40.386159305993104 ], [ -74.767240600234729, 40.386171641313581 ], [ -74.767215900270841, 40.386183976628786 ], [ -74.767191200297944, 40.386196311938733 ], [ -74.767166500315994, 40.386208647243386 ], [ -74.767141800325021, 40.386220982542767 ], [ -74.767117100325024, 40.386233317836897 ], [ -74.767092400315988, 40.386245653125741 ], [ -74.767067700297943, 40.386257988409312 ], [ -74.767043000270846, 40.386270323687626 ], [ -74.767018300234739, 40.386282658960624 ], [ -74.766993600189593, 40.386294994228379 ], [ -74.766968900135424, 40.386307329490869 ], [ -74.766944200072231, 40.386319664748065 ], [ -74.7669195, 40.386332 ], [ -74.766893834940419, 40.386344935192476 ], [ -74.766868168193071, 40.386357868432178 ], [ -74.7668425, 40.3863708 ], [ -74.766816840068103, 40.386383593373168 ], [ -74.766791180126461, 40.386396386740643 ], [ -74.766765520175099, 40.38640918010244 ], [ -74.766739860214017, 40.386421973458532 ], [ -74.7667142002432, 40.386434766808939 ], [ -74.766688540262649, 40.386447560153655 ], [ -74.766662880272378, 40.386460353492687 ], [ -74.766637220272372, 40.38647314682602 ], [ -74.766611560262646, 40.386485940153655 ], [ -74.766585900243186, 40.386498733475605 ], [ -74.766560240214005, 40.386511526791864 ], [ -74.76653458017509, 40.386524320102438 ], [ -74.766508920126455, 40.386537113407321 ], [ -74.766483260068085, 40.386549906706506 ], [ -74.7664576, 40.3865627 ], [ -74.7664337, 40.3865748 ], [ -74.766411090138817, 40.386594005288607 ], [ -74.7663879, 40.3866128 ], [ -74.7663523, 40.3866415 ], [ -74.766332102842583, 40.386659028703988 ], [ -74.766311905674712, 40.386676557404407 ], [ -74.766291708496368, 40.386694086101286 ], [ -74.766271511307551, 40.386711614794621 ], [ -74.766250845592793, 40.386728820581759 ], [ -74.766230136495253, 40.386745996472854 ], [ -74.766209427387224, 40.386763172360233 ], [ -74.766188718268666, 40.386780348243882 ], [ -74.766168009139591, 40.386797524123814 ], [ -74.7661473, 40.3868147 ], [ -74.766127942342067, 40.386830973576323 ], [ -74.766108584674797, 40.386847247149369 ], [ -74.766089226998233, 40.38686352071916 ], [ -74.766069869312346, 40.386879794285697 ], [ -74.766050117820768, 40.38689578156562 ], [ -74.766029840396257, 40.38691138650443 ], [ -74.766009562962395, 40.386926991439672 ], [ -74.765989264453196, 40.386942580178875 ], [ -74.765968751581283, 40.386958004150394 ], [ -74.765948238699991, 40.386973428118274 ], [ -74.765927725809348, 40.386988852082496 ], [ -74.765907212909354, 40.387004276043072 ], [ -74.7658867, 40.3870197 ], [ -74.765865906992346, 40.387035072534964 ], [ -74.765845113975232, 40.38705044506618 ], [ -74.765824320948667, 40.387065817593637 ], [ -74.765803527912652, 40.387081190117357 ], [ -74.765781363718233, 40.387095239155244 ], [ -74.765757035648818, 40.387107199547266 ], [ -74.765732707570749, 40.387119159934187 ], [ -74.765708379484067, 40.387131120315992 ], [ -74.765684051388789, 40.387143080692674 ], [ -74.765659723284855, 40.387155041064247 ], [ -74.765636206185761, 40.387167914386907 ], [ -74.7656127, 40.3871808 ], [ -74.765588521835895, 40.387193078316457 ], [ -74.765564343662987, 40.387205356627867 ], [ -74.765540165481283, 40.387217634934217 ], [ -74.765515987290797, 40.387229913235515 ], [ -74.7654918090915, 40.38724219153174 ], [ -74.765467630883407, 40.387254469822942 ], [ -74.765443452666517, 40.387266748109077 ], [ -74.765419274440831, 40.387279026390161 ], [ -74.765395096206348, 40.387291304666192 ], [ -74.765370917963068, 40.387303582937164 ], [ -74.765346739711006, 40.387315861203085 ], [ -74.765322561450134, 40.38732813946396 ], [ -74.765298383180465, 40.387340417719777 ], [ -74.765274204901999, 40.387352695970542 ], [ -74.765250026614737, 40.38736497421624 ], [ -74.765225848318693, 40.387377252456901 ], [ -74.765201670013838, 40.387389530692509 ], [ -74.765177491700186, 40.387401808923059 ], [ -74.765153313377752, 40.387414087148557 ], [ -74.765129135046493, 40.387426365368995 ], [ -74.765104956706466, 40.387438643584375 ], [ -74.765080778357628, 40.387450921794709 ], [ -74.7650566, 40.3874632 ], [ -74.7650155, 40.3874855 ], [ -74.76498936002119, 40.387499180011822 ], [ -74.764963220031788, 40.387512860017729 ], [ -74.764937080031785, 40.387526540017724 ], [ -74.764910940021181, 40.387540220011822 ], [ -74.7648848, 40.3875539 ], [ -74.764856984688691, 40.387568087347383 ], [ -74.76482914235018, 40.387582243677052 ], [ -74.7648013, 40.3875964 ], [ -74.764774000021745, 40.3876098400129 ], [ -74.764746700032617, 40.387623280019334 ], [ -74.764719400032632, 40.387636720019337 ], [ -74.764692100021747, 40.387650160012889 ], [ -74.7646648, 40.38766360000001 ], [ -74.764640548706595, 40.387675581864535 ], [ -74.7646165, 40.3876878 ], [ -74.764590700015916, 40.387701675008636 ], [ -74.764564900021213, 40.387715550011514 ], [ -74.764539100015909, 40.387729425008629 ], [ -74.7645133, 40.3877433 ], [ -74.7644751, 40.3877629 ], [ -74.76444914002127, 40.387776720011665 ], [ -74.764423180031883, 40.387790540017491 ], [ -74.764397220031896, 40.387804360017483 ], [ -74.764371260021264, 40.387818180011649 ], [ -74.7643453, 40.387832 ], [ -74.764317900005949, 40.387846650003247 ], [ -74.7642905, 40.3878613 ], [ -74.764266333397657, 40.38787413336869 ], [ -74.764242166786104, 40.387886966732317 ], [ -74.764218000165386, 40.387899800090899 ], [ -74.764193833535472, 40.387912633444429 ], [ -74.764169666896365, 40.387925466792922 ], [ -74.764145500248077, 40.387938300136355 ], [ -74.764121333590595, 40.387951133474743 ], [ -74.764097166923932, 40.387963966808066 ], [ -74.764073000248075, 40.387976800136357 ], [ -74.764048833563038, 40.38798963345959 ], [ -74.764024666868806, 40.38800246677777 ], [ -74.76400050016538, 40.388015300090906 ], [ -74.763976333452774, 40.38802813339899 ], [ -74.763952166730988, 40.388040966702022 ], [ -74.763928, 40.3880538 ], [ -74.7638919, 40.388072699999988 ], [ -74.763868120039788, 40.388085250022002 ], [ -74.763844340070733, 40.38809780003912 ], [ -74.763820560092839, 40.388110350051349 ], [ -74.763796780106105, 40.388122900058676 ], [ -74.763773000110518, 40.388135450061128 ], [ -74.763749220106092, 40.388148000058671 ], [ -74.763725440092841, 40.388160550051346 ], [ -74.763701660070737, 40.388173100039118 ], [ -74.763677880039793, 40.388185650022017 ], [ -74.7636541, 40.3881982 ], [ -74.763625620751014, 40.388213572521771 ], [ -74.7635971, 40.3882289 ], [ -74.763552, 40.3882522 ], [ -74.763520200008102, 40.388269400004376 ], [ -74.7634884, 40.3882866 ], [ -74.763462950023637, 40.388299133347346 ], [ -74.76343750003781, 40.38831166668907 ], [ -74.763412050042547, 40.388324200025188 ], [ -74.763386600037805, 40.388336733355736 ], [ -74.763361150023641, 40.38834926668067 ], [ -74.7633357, 40.3883618 ], [ -74.76331090892262, 40.38837574349516 ], [ -74.763285518925969, 40.388389046423384 ], [ -74.7632629, 40.3884049 ], [ -74.76323863760598, 40.388417720891873 ], [ -74.76321437520275, 40.388430541778646 ], [ -74.763190112790298, 40.38844336266034 ], [ -74.763165850368637, 40.388456183536931 ], [ -74.763141587937739, 40.388469004408442 ], [ -74.763117325497646, 40.388481825274866 ], [ -74.763093063048331, 40.388494646136188 ], [ -74.763068800589807, 40.388507466992436 ], [ -74.76304453812206, 40.388520287843576 ], [ -74.763020275645104, 40.388533108689636 ], [ -74.762996013158926, 40.388545929530594 ], [ -74.762971750663539, 40.388558750366478 ], [ -74.762947488158929, 40.388571571197275 ], [ -74.762923225645096, 40.38858439202297 ], [ -74.762898963122055, 40.388597212843585 ], [ -74.762874700589805, 40.388610033659106 ], [ -74.762850438048332, 40.388622854469524 ], [ -74.762826175497651, 40.38863567527487 ], [ -74.762801912937746, 40.388648496075113 ], [ -74.762777650368633, 40.38866131687027 ], [ -74.762753387790283, 40.388674137660331 ], [ -74.762729125202753, 40.388686958445312 ], [ -74.762704862605972, 40.388699779225213 ], [ -74.7626806, 40.3887126 ], [ -74.762654541938062, 40.388727681837722 ], [ -74.7626275, 40.3887417 ], [ -74.762603194548475, 40.388754344725399 ], [ -74.762578889087862, 40.388766989445685 ], [ -74.76255458361814, 40.388779634160848 ], [ -74.762530278139295, 40.38879227887093 ], [ -74.762505972651354, 40.388804923575897 ], [ -74.762481667154319, 40.388817568275748 ], [ -74.76245736164816, 40.388830212970504 ], [ -74.762433056132906, 40.388842857660144 ], [ -74.762408750608543, 40.388855502344668 ], [ -74.762384445075071, 40.388868147024091 ], [ -74.762360135036701, 40.388880786643753 ], [ -74.762335823366911, 40.388893424434279 ], [ -74.762311511687997, 40.388906062219704 ], [ -74.7622872, 40.3889187 ], [ -74.762262320829407, 40.388931252484383 ], [ -74.762237441649575, 40.388943804963404 ], [ -74.762212562460462, 40.388956357437081 ], [ -74.762187683262098, 40.388968909905401 ], [ -74.762162853519385, 40.38898151936354 ], [ -74.762138060992555, 40.388994171708475 ], [ -74.762113268456417, 40.38900682404811 ], [ -74.762088475911, 40.38901947638243 ], [ -74.76206368335626, 40.389032128711428 ], [ -74.762038890792255, 40.389044781035111 ], [ -74.762014098218927, 40.389057433353479 ], [ -74.761985, 40.3890551 ], [ -74.761952783434893, 40.389049341690985 ] ] } },
{ "type": "Feature", "properties": { "kind": "kerb", "name": "Broad Street", "municipality": "Hopewell Borough", "length_ft": 401.05, "decision": null, "traced_kerb_ft": null, "kerb_coverage": null, "crossings": null, "side": "right", "source": "OSM tracing", "start_ft": 4220.12, "end_ft": 4621.17, "way_ids": "1546607279,1546749251,1546764752,1546869532,1546869533,1546869534,1546869535,1546869370,1546869371,1547330314,1546869365,1547330312,1547330313", "station_ft": null }, "geometry": { "type": "LineString", "coordinates": [ [ -74.761839396919996, 40.389116387200254 ], [ -74.7618297, 40.389142200000016 ], [ -74.761802020232921, 40.389162029038729 ], [ -74.761768, 40.38917630000001 ], [ -74.761742354804056, 40.389187505585475 ], [ -74.761716709599582, 40.389198711165264 ], [ -74.761691064386596, 40.389209916739361 ], [ -74.76166541916507, 40.389221122307788 ], [ -74.761639773935045, 40.389232327870523 ], [ -74.761614128696493, 40.389243533427575 ], [ -74.761588483449415, 40.389254738978948 ], [ -74.761562838193811, 40.389265944524652 ], [ -74.761537192929694, 40.38927715006465 ], [ -74.761511547657051, 40.389288355598978 ], [ -74.76148588949853, 40.389299543087745 ], [ -74.76145969161503, 40.389309974482046 ], [ -74.761433493723445, 40.389320405870443 ], [ -74.76140729582373, 40.389330837252885 ], [ -74.761381097915915, 40.389341268629401 ], [ -74.7613549, 40.3893517 ], [ -74.761318810729136, 40.389363918566644 ], [ -74.7612827, 40.3893761 ], [ -74.761253100022586, 40.389386383352246 ], [ -74.761223500036138, 40.389396666696932 ], [ -74.761193900040652, 40.389406950034051 ], [ -74.761164300036143, 40.389417233363602 ], [ -74.761134700022595, 40.389427516685586 ], [ -74.7611051, 40.3894378 ], [ -74.7610647, 40.38945180000001 ], [ -74.761037966674294, 40.389461400006176 ], [ -74.761011233340952, 40.389471000006175 ], [ -74.7609845, 40.3894806 ], [ -74.7609397, 40.3894941 ], [ -74.7608973, 40.3895063 ], [ -74.760864200008328, 40.389514766676136 ], [ -74.760831100008332, 40.389523233342793 ], [ -74.760798, 40.3895317 ], [ -74.76076881430609, 40.389539528593495 ], [ -74.760739628605393, 40.389547357179644 ], [ -74.760710442897903, 40.389555185758418 ], [ -74.76068125718362, 40.389563014329845 ], [ -74.76065207146253, 40.389570842893917 ], [ -74.760622885734662, 40.389578671450629 ], [ -74.7605937, 40.3895865 ], [ -74.7605562, 40.3895644 ], [ -74.760544727238397, 40.389544245460698 ] ] } },
{ "type": "Feature", "properties": { "kind": "kerb", "name": "Broad Street", "municipality": "Hopewell Borough", "length_ft": 616.42, "decision": null, "traced_kerb_ft": null, "kerb_coverage": null, "crossings": null, "side": "right", "source": "OSM tracing", "start_ft": 4651.61, "end_ft": 5268.03, "way_ids": "1547330310,1547330311,1547330309,1546869366,1547330308,1546869367,1547330305,1547330306,1547330304,1546869368,1547330303,1546869369,1546804851,1546804850,1546751148,1546607274,1546751151", "station_ft": null }, "geometry": { "type": "LineString", "coordinates": [ [ -74.7604515, 40.3895905 ], [ -74.760439822192964, 40.389569411116227 ], [ -74.7604561, 40.3896097 ], [ -74.7604268, 40.3896319 ], [ -74.760394575012327, 40.389640475013451 ], [ -74.760362350016436, 40.389649050017937 ], [ -74.760330125012331, 40.389657625013449 ], [ -74.7602979, 40.3896662 ], [ -74.760266702954524, 40.389674871419338 ], [ -74.7602353, 40.3896831 ], [ -74.760205600024648, 40.389691075026654 ], [ -74.760175900042256, 40.389699050045706 ], [ -74.760146200052816, 40.389707025057135 ], [ -74.760116500056341, 40.389715000060946 ], [ -74.760086800052818, 40.389722975057126 ], [ -74.76005710004226, 40.389730950045703 ], [ -74.760027400024654, 40.389738925026663 ], [ -74.7599977, 40.3897469 ], [ -74.7599601, 40.3897573 ], [ -74.7599416, 40.3897622 ], [ -74.759892100000016, 40.3897751 ], [ -74.759861300007699, 40.389783500008186 ], [ -74.759830500007695, 40.389791900008191 ], [ -74.7597997, 40.3898003 ], [ -74.7597639, 40.3898086 ], [ -74.75973619788283, 40.389815790508365 ], [ -74.759708495759753, 40.389822981010113 ], [ -74.75968079363075, 40.389830171505224 ], [ -74.759653091495835, 40.389837361993706 ], [ -74.759625389354994, 40.389844552475552 ], [ -74.759597687208213, 40.389851742950789 ], [ -74.759569985055521, 40.389858933419397 ], [ -74.759542282896902, 40.389866123881369 ], [ -74.759514580732372, 40.389873314336725 ], [ -74.759486878561887, 40.389880504785445 ], [ -74.759459176385519, 40.389887695227543 ], [ -74.759431474203197, 40.389894885663011 ], [ -74.759403772014949, 40.389902076091857 ], [ -74.759376069820803, 40.389909266514067 ], [ -74.759348367620703, 40.389916456929662 ], [ -74.759320665414705, 40.38992364733862 ], [ -74.759292963202768, 40.389930837740955 ], [ -74.759265260984918, 40.389938028136669 ], [ -74.759237558761143, 40.389945218525746 ], [ -74.759209856531442, 40.389952408908208 ], [ -74.759182154295814, 40.389959599284019 ], [ -74.759154452054261, 40.389966789653215 ], [ -74.759126749806782, 40.389973980015789 ], [ -74.759099046927332, 40.389981168961285 ], [ -74.759071343613869, 40.389988356935696 ], [ -74.759043640294479, 40.389995544903478 ], [ -74.759015936969192, 40.390002732864637 ], [ -74.758988233637965, 40.390009920819175 ], [ -74.758960530300811, 40.390017108767083 ], [ -74.758932826957732, 40.390024296708361 ], [ -74.758905123608741, 40.390031484643011 ], [ -74.758877420253839, 40.390038672571031 ], [ -74.758849716892996, 40.390045860492435 ], [ -74.758822013526242, 40.390053048407204 ], [ -74.758794310153561, 40.390060236315328 ], [ -74.758766606774969, 40.390067424216859 ], [ -74.758738903390437, 40.390074612111739 ], [ -74.7587112, 40.3900818 ], [ -74.758682300006043, 40.390088833340542 ], [ -74.75865340000604, 40.390095866673882 ], [ -74.7586245, 40.3901029 ], [ -74.7585718, 40.3901173 ], [ -74.758539314370353, 40.390125466939487 ], [ -74.758506828732806, 40.390133633869873 ], [ -74.758474343087371, 40.390141800791135 ], [ -74.758441861226871, 40.390149976490058 ], [ -74.7584094, 40.3901582 ], [ -74.758376245399148, 40.390163702365165 ], [ -74.7583577, 40.3901429 ], [ -74.758344932405919, 40.390120640271924 ] ] } },
{ "type": "Feature", "properties": { "kind": "kerb", "name": "Broad Street", "municipality": "Hopewell Borough", "length_ft": 660.21, "decision": null, "traced_kerb_ft": null, "kerb_coverage": null, "crossings": null, "side": "right", "source": "OSM tracing", "start_ft": 5304.32, "end_ft": 5964.53, "way_ids": "1546607276,1546751156,1546751155,1546751154,1547001985,1547364681,1547364678,1547364680,1547364679,1547364676,1547364682,1547364675,1547364683,1547364684,1547364673,1547364672,1547364674,1547364685,1547355656,1550469724,1550469725,1550469726", "station_ft": null }, "geometry": { "type": "LineString", "coordinates": [ [ -74.7582375, 40.390170500000011 ], [ -74.758232, 40.3901942 ], [ -74.7582023, 40.3902136 ], [ -74.758174269266817, 40.39022080773303 ], [ -74.75814623852763, 40.390228015459272 ], [ -74.758118207782431, 40.390235223178699 ], [ -74.758090177031221, 40.390242430891377 ], [ -74.758062146274, 40.390249638597254 ], [ -74.758034115510796, 40.390256846296346 ], [ -74.758006084741567, 40.390264053988659 ], [ -74.757978053966312, 40.390271261674172 ], [ -74.757950023185074, 40.390278469352907 ], [ -74.757921992397826, 40.390285677024863 ], [ -74.757893961604552, 40.390292884690027 ], [ -74.757865930805281, 40.390300092348404 ], [ -74.7578379, 40.3903073 ], [ -74.757801450005161, 40.390316800005742 ], [ -74.757765, 40.3903263 ], [ -74.757736500012214, 40.390333500014037 ], [ -74.757708000018312, 40.390340700021049 ], [ -74.757679500018313, 40.390347900021048 ], [ -74.757651000012203, 40.390355100014027 ], [ -74.7576225, 40.3903623 ], [ -74.757589900016313, 40.39037072001836 ], [ -74.757557300024487, 40.390379140027534 ], [ -74.75752470002449, 40.390387560027534 ], [ -74.757492100016322, 40.390395980018354 ], [ -74.7574595, 40.3904044 ], [ -74.7574087, 40.3904177 ], [ -74.757380340012418, 40.390425060013897 ], [ -74.757351980018612, 40.390432420020829 ], [ -74.757323620018624, 40.390439780020834 ], [ -74.757295260012413, 40.39044714001389 ], [ -74.7572669, 40.3904545 ], [ -74.757239621246285, 40.390461517043306 ], [ -74.7572122, 40.390468200000015 ], [ -74.757181000011272, 40.390476300012622 ], [ -74.757149800015029, 40.390484400016824 ], [ -74.757118600011282, 40.390492500012613 ], [ -74.7570874, 40.39050060000001 ], [ -74.757056598676698, 40.390508918981233 ], [ -74.7570256, 40.3905168 ], [ -74.75699716001219, 40.390524000013976 ], [ -74.756968720018278, 40.390531200020959 ], [ -74.756940280018284, 40.390538400020951 ], [ -74.756911840012194, 40.390545600013979 ], [ -74.7568834, 40.3905528 ], [ -74.756845907309014, 40.390562240606471 ], [ -74.7568086, 40.3905721 ], [ -74.756778500006774, 40.390579666674491 ], [ -74.756748400006771, 40.390587233341158 ], [ -74.7567183, 40.3905948 ], [ -74.7566826, 40.3906043 ], [ -74.7566593, 40.3906106 ], [ -74.7566231, 40.39061980000001 ], [ -74.756594953351708, 40.390627401655671 ], [ -74.756566806697066, 40.390635003304496 ], [ -74.756538512913977, 40.390642272124779 ], [ -74.756510106459942, 40.39064928606588 ], [ -74.7564817, 40.3906563 ], [ -74.756453180043849, 40.390663686715833 ], [ -74.756424660081436, 40.390671073424656 ], [ -74.75639614011277, 40.390678460126438 ], [ -74.756367620137823, 40.390685846821206 ], [ -74.756339100156623, 40.390693233508934 ], [ -74.756310580169142, 40.390700620189669 ], [ -74.756282060175423, 40.390708006863342 ], [ -74.756253540175422, 40.39071539353003 ], [ -74.75622502016914, 40.390722780189662 ], [ -74.756196500156634, 40.390730166842282 ], [ -74.756167980137818, 40.390737553487867 ], [ -74.756139460112777, 40.390744940126432 ], [ -74.756110940081442, 40.390752326757976 ], [ -74.756082420043853, 40.390759713382508 ], [ -74.7560539, 40.3907671 ], [ -74.7560234, 40.3907739 ], [ -74.75598342952469, 40.390730467296905 ], [ -74.7559915, 40.3907524 ] ] } },
{ "type": "Feature", "properties": { "kind": "kerb", "name": "Broad Street", "municipality": "Hopewell Borough", "length_ft": 717.74, "decision": null, "traced_kerb_ft": null, "kerb_coverage": null, "crossings": null, "side": "right", "source": "OSM tracing", "start_ft": 5988.62, "end_ft": 6706.36, "way_ids": "1550469736,1550469733,1550469735,1550469734", "station_ft": null }, "geometry": { "type": "LineString", "coordinates": [ [ -74.755890611576248, 40.390736045461523 ], [ -74.7558976, 40.3907588 ], [ -74.755899110198996, 40.390784034876063 ], [ -74.755888, 40.3908074 ], [ -74.755860720212524, 40.3908144802378 ], [ -74.755833440419281, 40.390821560469149 ], [ -74.75580616062031, 40.39082864069411 ], [ -74.755778880815598, 40.390835720912619 ], [ -74.75575160100513, 40.390842801124684 ], [ -74.755724321188936, 40.390849881330361 ], [ -74.755697041366986, 40.390856961529579 ], [ -74.755669761539281, 40.390864041722381 ], [ -74.755642481705848, 40.390871121908759 ], [ -74.755615201866675, 40.390878202088722 ], [ -74.755587922021746, 40.390885282262239 ], [ -74.755560642171076, 40.390892362429327 ], [ -74.755533362314665, 40.390899442590005 ], [ -74.755506082452513, 40.390906522744245 ], [ -74.755478802584619, 40.39091360289207 ], [ -74.755451522710985, 40.390920683033464 ], [ -74.755424242831594, 40.39092776316842 ], [ -74.755396962946463, 40.390934843296968 ], [ -74.755369683055577, 40.390941923419071 ], [ -74.755342403158963, 40.39094900353475 ], [ -74.755315123256594, 40.390956083644006 ], [ -74.755287843348498, 40.390963163746832 ], [ -74.755260563434661, 40.390970243843242 ], [ -74.755233283515068, 40.390977323933221 ], [ -74.755206003589734, 40.390984404016777 ], [ -74.755178723658659, 40.390991484093888 ], [ -74.755151443721829, 40.390998564164583 ], [ -74.755124163779271, 40.391005644228862 ], [ -74.755096883830944, 40.391012724286703 ], [ -74.755069603876905, 40.391019804338121 ], [ -74.755042323917095, 40.391026884383109 ], [ -74.755015043951559, 40.391033964421666 ], [ -74.754987763980282, 40.391041044453807 ], [ -74.754960484003249, 40.391048124479518 ], [ -74.754933204020475, 40.391055204498791 ], [ -74.754905924031974, 40.391062284511655 ], [ -74.754878644037717, 40.391069364518074 ], [ -74.754851364037705, 40.39107644451807 ], [ -74.754824084031952, 40.391083524511657 ], [ -74.754796804020472, 40.3910906044988 ], [ -74.754769524003237, 40.391097684479526 ], [ -74.75474224398026, 40.391104764453821 ], [ -74.754714963951557, 40.39111184442168 ], [ -74.754687683917084, 40.391118924383115 ], [ -74.754660403876883, 40.391126004338133 ], [ -74.754633123830928, 40.391133084286714 ], [ -74.754605843779231, 40.391140164228887 ], [ -74.754578563721793, 40.391147244164607 ], [ -74.754551283658614, 40.391154324093925 ], [ -74.754524003589694, 40.391161404016792 ], [ -74.754496723515032, 40.391168483933242 ], [ -74.754469443434616, 40.391175563843269 ], [ -74.754442163348472, 40.391182643746866 ], [ -74.754414883256572, 40.391189723644047 ], [ -74.754387603158932, 40.391196803534783 ], [ -74.75436032305555, 40.391203883419102 ], [ -74.754333042946428, 40.391210963296984 ], [ -74.754305762831549, 40.391218043168458 ], [ -74.75427848271093, 40.391225123033493 ], [ -74.75425120258457, 40.391232202892098 ], [ -74.754223922452468, 40.39123928274428 ], [ -74.754196642314625, 40.391246362590032 ], [ -74.754169362171041, 40.391253442429353 ], [ -74.754142082021701, 40.391260522262264 ], [ -74.754114801866635, 40.391267602088746 ], [ -74.754087521705827, 40.39127468190879 ], [ -74.75406024153925, 40.391281761722411 ], [ -74.75403296136696, 40.391288841529594 ], [ -74.7540056811889, 40.391295921330361 ], [ -74.753978401005114, 40.391303001124705 ], [ -74.753951120815572, 40.391310080912625 ], [ -74.753923840620303, 40.391317160694108 ], [ -74.753896560419278, 40.391324240469167 ], [ -74.753869280212513, 40.391331320237796 ], [ -74.753842, 40.3913384 ], [ -74.753814130804926, 40.391345576963317 ], [ -74.753786261603892, 40.391352753919939 ], [ -74.753758392396918, 40.391359930869839 ], [ -74.753730523183989, 40.391367107813032 ], [ -74.753702653965121, 40.391374284749539 ], [ -74.753674784740298, 40.391381461679316 ], [ -74.753646915509535, 40.3913886386024 ], [ -74.753619046272817, 40.391395815518763 ], [ -74.753591177030145, 40.391402992428425 ], [ -74.753563307781519, 40.39141016933138 ], [ -74.753535438526967, 40.39141734622762 ], [ -74.753507569266461, 40.391424523117166 ], [ -74.7534797, 40.3914317 ] ] } },
{ "type": "Feature", "properties": { "kind": "kerb", "name": "Broad Street", "municipality": "Hopewell Borough", "length_ft": 111.56, "decision": null, "traced_kerb_ft": null, "kerb_coverage": null, "crossings": null, "side": "right", "source": "OSM tracing", "start_ft": 6753.5, "end_ft": 6865.06, "way_ids": "1550469744,1550469743", "station_ft": null }, "geometry": { "type": "LineString", "coordinates": [ [ -74.7533071, 40.3914408 ], [ -74.7532852, 40.3914606 ], [ -74.75325757623186, 40.391471432851723 ], [ -74.753228682639616, 40.391479966285402 ], [ -74.753199264405495, 40.391487549690488 ], [ -74.753169846164766, 40.391495133088114 ], [ -74.753140427917373, 40.39150271647825 ], [ -74.753111009663371, 40.391510299860933 ], [ -74.753081591402733, 40.391517883236126 ], [ -74.753052173135458, 40.391525466603845 ], [ -74.753022754861533, 40.391533049964089 ], [ -74.752993336580985, 40.391540633316872 ], [ -74.752963918293815, 40.39154821666218 ], [ -74.7529345, 40.3915558 ] ] } },
{ "type": "Feature", "properties": { "kind": "crossing", "name": "Broad Street", "municipality": "Hopewell Borough", "length_ft": null, "decision": null, "traced_kerb_ft": null, "kerb_coverage": null, "crossings": null, "side": null, "source": null, "start_ft": null, "end_ft": null, "way_ids": null, "station_ft": 292.23 }, "geometry": { "type": "Point", "coordinates": [ -74.773553604435179, 40.383151497961144 ] } },
{ "type": "Feature", "properties": { "kind": "crossing", "name": "Broad Street", "municipality": "Hopewell Borough", "length_ft": null, "decision": null, "traced_kerb_ft": null, "kerb_coverage": null, "crossings": null, "side": null, "source": null, "start_ft": null, "end_ft": null, "way_ids": null, "station_ft": 1756.63 }, "geometry": { "type": "Point", "coordinates": [ -74.769121407980776, 40.385312896111316 ] } },
{ "type": "Feature", "properties": { "kind": "crossing", "name": "Broad Street", "municipality": "Hopewell Borough", "length_ft": null, "decision": null, "traced_kerb_ft": null, "kerb_coverage": null, "crossings": null, "side": null, "source": null, "start_ft": null, "end_ft": null, "way_ids": null, "station_ft": 2307.18 }, "geometry": { "type": "Point", "coordinates": [ -74.767448810467528, 40.38611809497629 ] } },
{ "type": "Feature", "properties": { "kind": "crossing", "name": "Broad Street", "municipality": "Hopewell Borough", "length_ft": null, "decision": null, "traced_kerb_ft": null, "kerb_coverage": null, "crossings": null, "side": null, "source": null, "start_ft": null, "end_ft": null, "way_ids": null, "station_ft": 2847.09 }, "geometry": { "type": "Point", "coordinates": [ -74.765944809830501, 40.387040693560778 ] } },
{ "type": "Feature", "properties": { "kind": "crossing", "name": "Broad Street", "municipality": "Hopewell Borough", "length_ft": null, "decision": null, "traced_kerb_ft": null, "kerb_coverage": null, "crossings": null, "side": null, "source": null, "start_ft": null, "end_ft": null, "way_ids": null, "station_ft": 3113.39 }, "geometry": { "type": "Point", "coordinates": [ -74.76516910353601, 40.387467198139831 ] } },
{ "type": "Feature", "properties": { "kind": "crossing", "name": "Broad Street", "municipality": "Hopewell Borough", "length_ft": null, "decision": null, "traced_kerb_ft": null, "kerb_coverage": null, "crossings": null, "side": null, "source": null, "start_ft": null, "end_ft": null, "way_ids": null, "station_ft": 4203.37 }, "geometry": { "type": "Point", "coordinates": [ -74.76195981047718, 40.389178995131985 ] } },
{ "type": "Feature", "properties": { "kind": "crossing", "name": "Broad Street", "municipality": "Hopewell Borough", "length_ft": null, "decision": null, "traced_kerb_ft": null, "kerb_coverage": null, "crossings": null, "side": null, "source": null, "start_ft": null, "end_ft": null, "way_ids": null, "station_ft": 4494.4 }, "geometry": { "type": "Point", "coordinates": [ -74.761018601981107, 40.389524599408304 ] } },
{ "type": "Feature", "properties": { "kind": "crossing", "name": "Broad Street", "municipality": "Hopewell Borough", "length_ft": null, "decision": null, "traced_kerb_ft": null, "kerb_coverage": null, "crossings": null, "side": null, "source": null, "start_ft": null, "end_ft": null, "way_ids": null, "station_ft": 4639.32 }, "geometry": { "type": "Point", "coordinates": [ -74.760529013157438, 40.389659196422492 ] } },
{ "type": "Feature", "properties": { "kind": "crossing", "name": "Broad Street", "municipality": "Hopewell Borough", "length_ft": null, "decision": null, "traced_kerb_ft": null, "kerb_coverage": null, "crossings": null, "side": null, "source": null, "start_ft": null, "end_ft": null, "way_ids": null, "station_ft": 5129.28 }, "geometry": { "type": "Point", "coordinates": [ -74.758863990491022, 40.390093002428166 ] } },
{ "type": "Feature", "properties": { "kind": "crossing", "name": "Broad Street", "municipality": "Hopewell Borough", "length_ft": null, "decision": null, "traced_kerb_ft": null, "kerb_coverage": null, "crossings": null, "side": null, "source": null, "start_ft": null, "end_ft": null, "way_ids": null, "station_ft": 5283.96 }, "geometry": { "type": "Point", "coordinates": [ -74.758339708657232, 40.390232897868593 ] } },
{ "type": "Feature", "properties": { "kind": "crossing", "name": "Broad Street", "municipality": "Hopewell Borough", "length_ft": null, "decision": null, "traced_kerb_ft": null, "kerb_coverage": null, "crossings": null, "side": null, "source": null, "start_ft": null, "end_ft": null, "way_ids": null, "station_ft": 5982.25 }, "geometry": { "type": "Point", "coordinates": [ -74.755964508287022, 40.390846097935913 ] } },
{ "type": "Feature", "properties": { "kind": "crossing", "name": "Broad Street", "municipality": "Hopewell Borough", "length_ft": null, "decision": null, "traced_kerb_ft": null, "kerb_coverage": null, "crossings": null, "side": null, "source": null, "start_ft": null, "end_ft": null, "way_ids": null, "station_ft": 6737.57 }, "geometry": { "type": "Point", "coordinates": [ -74.753394689639137, 40.391508102487542 ] } },
{ "type": "Feature", "properties": { "kind": "street", "name": "Burton Avenue", "municipality": "Hopewell Borough", "length_ft": 482.92, "decision": null, "traced_kerb_ft": 0.0, "kerb_coverage": 0.0, "crossings": 1.0, "side": null, "source": null, "start_ft": null, "end_ft": null, "way_ids": null, "station_ft": null }, "geometry": { "type": "LineString", "coordinates": [ [ -74.7622103, 40.39252530000001 ], [ -74.7622777, 40.3926143 ], [ -74.7625911, 40.3930384 ], [ -74.763078, 40.393673 ] ] } },
{ "type": "Feature", "properties": { "kind": "crossing", "name": "Burton Avenue", "municipality": "Hopewell Borough", "length_ft": null, "decision": null, "traced_kerb_ft": null, "kerb_coverage": null, "crossings": null, "side": null, "source": null, "start_ft": null, "end_ft": null, "way_ids": null, "station_ft": 0.0 }, "geometry": { "type": "Point", "coordinates": [ -74.7622103, 40.39252530000001 ] } },
{ "type": "Feature", "properties": { "kind": "street", "name": "Center Street", "municipality": "Hopewell Borough", "length_ft": 520.19, "decision": null, "traced_kerb_ft": 0.0, "kerb_coverage": 0.0, "crossings": 2.0, "side": null, "source": null, "start_ft": null, "end_ft": null, "way_ids": null, "station_ft": null }, "geometry": { "type": "LineString", "coordinates": [ [ -74.7627023, 40.3901494 ], [ -74.7627546, 40.390124 ], [ -74.7627833, 40.390109 ], [ -74.7632354, 40.3898724 ], [ -74.7641405, 40.3893886 ], [ -74.7642136, 40.3893567 ], [ -74.764248, 40.3893547 ] ] } },
{ "type": "Feature", "properties": { "kind": "crossing", "name": "Center Street", "municipality": "Hopewell Borough", "length_ft": null, "decision": null, "traced_kerb_ft": null, "kerb_coverage": null, "crossings": null, "side": null, "source": null, "start_ft": null, "end_ft": null, "way_ids": null, "station_ft": 0.0 }, "geometry": { "type": "Point", "coordinates": [ -74.7627023, 40.3901494 ] } },
{ "type": "Feature", "properties": { "kind": "crossing", "name": "Center Street", "municipality": "Hopewell Borough", "length_ft": null, "decision": null, "traced_kerb_ft": null, "kerb_coverage": null, "crossings": null, "side": null, "source": null, "start_ft": null, "end_ft": null, "way_ids": null, "station_ft": 520.19 }, "geometry": { "type": "Point", "coordinates": [ -74.764248, 40.3893547 ] } },
{ "type": "Feature", "properties": { "kind": "street", "name": "Columbia Avenue", "municipality": "Hopewell Borough", "length_ft": 2438.83, "decision": null, "traced_kerb_ft": 527.06, "kerb_coverage": 0.1081, "crossings": 5.0, "side": null, "source": null, "start_ft": null, "end_ft": null, "way_ids": null, "station_ft": null }, "geometry": { "type": "LineString", "coordinates": [ [ -74.7612009, 40.3882662 ], [ -74.7610767, 40.3882463 ], [ -74.760957, 40.388262 ], [ -74.7604851, 40.38843450000001 ], [ -74.7600318, 40.3885867 ], [ -74.7599568, 40.3886084 ], [ -74.7598857, 40.3886291 ], [ -74.7587668, 40.3889136 ], [ -74.7580699, 40.3890909 ], [ -74.757861100000014, 40.389144 ], [ -74.7578357, 40.3891503 ], [ -74.7577601, 40.3891689 ], [ -74.7576725, 40.3891902 ], [ -74.7576408, 40.38919820000001 ], [ -74.7558223, 40.3896565 ], [ -74.7557429, 40.3896763 ], [ -74.7556778, 40.389693800000011 ], [ -74.7556249, 40.3897082 ], [ -74.7555557, 40.3897265 ], [ -74.7530083, 40.3903752 ], [ -74.7529263, 40.390396 ] ] } },
{ "type": "Feature", "properties": { "kind": "kerb", "name": "Columbia Avenue", "municipality": "Hopewell Borough", "length_ft": 47.71, "decision": null, "traced_kerb_ft": null, "kerb_coverage": null, "crossings": null, "side": "left", "source": "OSM tracing", "start_ft": 874.58, "end_ft": 922.3, "way_ids": "1546743344", "station_ft": null }, "geometry": { "type": "LineString", "coordinates": [ [ -74.7582724, 40.3890804 ], [ -74.758239880015935, 40.389088640018265 ], [ -74.758207360023903, 40.389096880027395 ], [ -74.758174840023912, 40.389105120027402 ], [ -74.758142320015935, 40.389113360018264 ], [ -74.7581098, 40.3891216 ] ] } },
{ "type": "Feature", "properties": { "kind": "kerb", "name": "Columbia Avenue", "municipality": "Hopewell Borough", "length_ft": 64.3, "decision": null, "traced_kerb_ft": null, "kerb_coverage": null, "crossings": null, "side": "left", "source": "OSM tracing", "start_ft": 937.01, "end_ft": 1001.3, "way_ids": "1546743346,1546653473,1546743342", "station_ft": null }, "geometry": { "type": "LineString", "coordinates": [ [ -74.7580598, 40.3891346 ], [ -74.758029383351413, 40.38914260001998 ], [ -74.75799896669561, 40.389150600031954 ], [ -74.757968550032558, 40.389158600035962 ], [ -74.757938133362288, 40.389166600031949 ], [ -74.757907716684755, 40.389174600019984 ], [ -74.7578773, 40.3891826 ], [ -74.757846702156101, 40.389196027907786 ], [ -74.757866128367738, 40.389246423978221 ], [ -74.757854, 40.389223 ] ] } },
{ "type": "Feature", "properties": { "kind": "kerb", "name": "Columbia Avenue", "municipality": "Hopewell Borough", "length_ft": 182.92, "decision": null, "traced_kerb_ft": null, "kerb_coverage": null, "crossings": null, "side": "left", "source": "OSM tracing", "start_ft": 1031.38, "end_ft": 1214.31, "way_ids": "1546743341,1546605748,1546743343,1546804846,1546804845,1546804844", "station_ft": null }, "geometry": { "type": "LineString", "coordinates": [ [ -74.757770389425275, 40.38929530675226 ], [ -74.75775778680304, 40.389272383436591 ], [ -74.7577439, 40.38925 ], [ -74.757719743704186, 40.389231855884951 ], [ -74.7576853, 40.389230499999989 ], [ -74.7576419, 40.3892412 ], [ -74.757612577803741, 40.389248644474151 ], [ -74.757583255601006, 40.389256088940876 ], [ -74.757553933391762, 40.389263533400161 ], [ -74.757524611176038, 40.389270977852043 ], [ -74.757495288953805, 40.389278422296471 ], [ -74.757465966725093, 40.389285866733488 ], [ -74.7574366444899, 40.389293311163087 ], [ -74.757407322248199, 40.389300755585261 ], [ -74.757378, 40.3893082 ], [ -74.757343400008821, 40.389316766677005 ], [ -74.757308800008829, 40.38932533334367 ], [ -74.7572742, 40.3893339 ], [ -74.757242300015292, 40.389341960017575 ], [ -74.757210400022942, 40.389350020026363 ], [ -74.757178500022945, 40.389358080026362 ], [ -74.757146600015304, 40.389366140017572 ], [ -74.7571147, 40.3893742 ] ] } },
{ "type": "Feature", "properties": { "kind": "kerb", "name": "Columbia Avenue", "municipality": "Hopewell Borough", "length_ft": 102.02, "decision": null, "traced_kerb_ft": null, "kerb_coverage": null, "crossings": null, "side": "right", "source": "OSM tracing", "start_ft": 907.08, "end_ft": 1009.09, "way_ids": "1546743345,1546605750,1546804847", "station_ft": null }, "geometry": { "type": "LineString", "coordinates": [ [ -74.7581318, 40.3890398 ], [ -74.758102270029681, 40.389047310033888 ], [ -74.758072740052768, 40.389054820060245 ], [ -74.75804321006926, 40.389062330079071 ], [ -74.758013680079159, 40.389069840090364 ], [ -74.75798415008245, 40.389077350094126 ], [ -74.757954620079161, 40.389084860090357 ], [ -74.757925090069264, 40.389092370079076 ], [ -74.757895560052773, 40.389099880060243 ], [ -74.757866030029675, 40.389107390033885 ], [ -74.7578365, 40.3891149 ], [ -74.757797838661105, 40.3891198082476 ], [ -74.7577762, 40.3890981 ], [ -74.757765039985671, 40.389076500002368 ], [ -74.757753879978523, 40.389054900003543 ] ] } },
{ "type": "Feature", "properties": { "kind": "kerb", "name": "Columbia Avenue", "municipality": "Hopewell Borough", "length_ft": 130.11, "decision": null, "traced_kerb_ft": null, "kerb_coverage": null, "crossings": null, "side": "right", "source": "OSM tracing", "start_ft": 1038.79, "end_ft": 1168.9, "way_ids": "1546605749,1546751759,1546751757", "station_ft": null }, "geometry": { "type": "LineString", "coordinates": [ [ -74.7576716, 40.3891248 ], [ -74.757660581784236, 40.389104063642094 ], [ -74.757649563575285, 40.389083327283025 ], [ -74.757665112523753, 40.38915260348675 ], [ -74.7576328, 40.38916540000001 ], [ -74.757604728610502, 40.38917260004424 ], [ -74.757576657214983, 40.389179800081664 ], [ -74.757548585813453, 40.38918700011228 ], [ -74.757520514405925, 40.389194200136103 ], [ -74.757492442992387, 40.389201400153112 ], [ -74.757464371572837, 40.389208600163315 ], [ -74.757436300147262, 40.389215800166724 ], [ -74.75740822871569, 40.389223000163312 ], [ -74.757380157278106, 40.389230200153108 ], [ -74.757352085834498, 40.389237400136089 ], [ -74.757324014384892, 40.389244600112271 ], [ -74.757295942929275, 40.389251800081659 ], [ -74.757267871467647, 40.389259000044234 ], [ -74.7572398, 40.3892662 ] ] } },
{ "type": "Feature", "properties": { "kind": "crossing", "name": "Columbia Avenue", "municipality": "Hopewell Borough", "length_ft": null, "decision": null, "traced_kerb_ft": null, "kerb_coverage": null, "crossings": null, "side": null, "source": null, "start_ft": null, "end_ft": null, "way_ids": null, "station_ft": 0.0 }, "geometry": { "type": "Point", "coordinates": [ -74.7612009, 40.3882662 ] } },
{ "type": "Feature", "properties": { "kind": "crossing", "name": "Columbia Avenue", "municipality": "Hopewell Borough", "length_ft": null, "decision": null, "traced_kerb_ft": null, "kerb_coverage": null, "crossings": null, "side": null, "source": null, "start_ft": null, "end_ft": null, "way_ids": null, "station_ft": 375.1 }, "geometry": { "type": "Point", "coordinates": [ -74.759956811278769, 40.388608396736686 ] } },
{ "type": "Feature", "properties": { "kind": "crossing", "name": "Columbia Avenue", "municipality": "Hopewell Borough", "length_ft": null, "decision": null, "traced_kerb_ft": null, "kerb_coverage": null, "crossings": null, "side": null, "source": null, "start_ft": null, "end_ft": null, "way_ids": null, "station_ft": 1020.16 }, "geometry": { "type": "Point", "coordinates": [ -74.757760106564831, 40.389168898384838 ] } },
{ "type": "Feature", "properties": { "kind": "crossing", "name": "Columbia Avenue", "municipality": "Hopewell Borough", "length_ft": null, "decision": null, "traced_kerb_ft": null, "kerb_coverage": null, "crossings": null, "side": null, "source": null, "start_ft": null, "end_ft": null, "way_ids": null, "station_ft": 1630.87 }, "geometry": { "type": "Point", "coordinates": [ -74.755677811834502, 40.389693796818683 ] } },
{ "type": "Feature", "properties": { "kind": "crossing", "name": "Columbia Avenue", "municipality": "Hopewell Borough", "length_ft": null, "decision": null, "traced_kerb_ft": null, "kerb_coverage": null, "crossings": null, "side": null, "source": null, "start_ft": null, "end_ft": null, "way_ids": null, "station_ft": 2438.83 }, "geometry": { "type": "Point", "coordinates": [ -74.752926303723584, 40.390395999055499 ] } },
{ "type": "Feature", "properties": { "kind": "street", "name": "Cook Place", "municipality": "Hopewell Borough", "length_ft": 421.47, "decision": null, "traced_kerb_ft": 0.0, "kerb_coverage": 0.0, "crossings": 2.0, "side": null, "source": null, "start_ft": null, "end_ft": null, "way_ids": null, "station_ft": null }, "geometry": { "type": "LineString", "coordinates": [ [ -74.763031, 40.390582 ], [ -74.7629686, 40.3906139 ], [ -74.762777, 40.390712 ], [ -74.7625159, 40.3908464 ], [ -74.761885, 40.3911712 ], [ -74.7618565, 40.3911859 ], [ -74.7617761, 40.3912285 ] ] } },
{ "type": "Feature", "properties": { "kind": "crossing", "name": "Cook Place", "municipality": "Hopewell Borough", "length_ft": null, "decision": null, "traced_kerb_ft": null, "kerb_coverage": null, "crossings": null, "side": null, "source": null, "start_ft": null, "end_ft": null, "way_ids": null, "station_ft": 0.0 }, "geometry": { "type": "Point", "coordinates": [ -74.763031, 40.390582 ] } },
{ "type": "Feature", "properties": { "kind": "crossing", "name": "Cook Place", "municipality": "Hopewell Borough", "length_ft": null, "decision": null, "traced_kerb_ft": null, "kerb_coverage": null, "crossings": null, "side": null, "source": null, "start_ft": null, "end_ft": null, "way_ids": null, "station_ft": 421.47 }, "geometry": { "type": "Point", "coordinates": [ -74.7617761, 40.3912285 ] } },
{ "type": "Feature", "properties": { "kind": "street", "name": "Eaton Court", "municipality": "Hopewell Borough", "length_ft": 118.17, "decision": null, "traced_kerb_ft": 0.0, "kerb_coverage": 0.0, "crossings": 1.0, "side": null, "source": null, "start_ft": null, "end_ft": null, "way_ids": null, "station_ft": null }, "geometry": { "type": "LineString", "coordinates": [ [ -74.7701022, 40.3872439 ], [ -74.7701118, 40.3871603 ], [ -74.7701296, 40.3869202 ] ] } },
{ "type": "Feature", "properties": { "kind": "crossing", "name": "Eaton Court", "municipality": "Hopewell Borough", "length_ft": null, "decision": null, "traced_kerb_ft": null, "kerb_coverage": null, "crossings": null, "side": null, "source": null, "start_ft": null, "end_ft": null, "way_ids": null, "station_ft": 0.0 }, "geometry": { "type": "Point", "coordinates": [ -74.7701022, 40.3872439 ] } },
{ "type": "Feature", "properties": { "kind": "street", "name": "Eaton Court", "municipality": "Hopewell Borough", "length_ft": 252.64, "decision": null, "traced_kerb_ft": 0.0, "kerb_coverage": 0.0, "crossings": 0.0, "side": null, "source": null, "start_ft": null, "end_ft": null, "way_ids": null, "station_ft": null }, "geometry": { "type": "LineString", "coordinates": [ [ -74.7701296, 40.3869202 ], [ -74.770140200000014, 40.38680870000001 ], [ -74.7698304, 40.3867932 ], [ -74.7698243, 40.3869034 ], [ -74.7701296, 40.3869202 ] ] } },
{ "type": "Feature", "properties": { "kind": "street", "name": "Eaton Place", "municipality": "Hopewell Borough", "length_ft": 287.11, "decision": null, "traced_kerb_ft": 0.0, "kerb_coverage": 0.0, "crossings": 0.0, "side": null, "source": null, "start_ft": null, "end_ft": null, "way_ids": null, "station_ft": null }, "geometry": { "type": "LineString", "coordinates": [ [ -74.77031860000001, 40.385869 ], [ -74.7697636, 40.386108 ], [ -74.7694233, 40.3862595 ] ] } },
{ "type": "Feature", "properties": { "kind": "street", "name": "Eaton Place", "municipality": "Hopewell Borough", "length_ft": 340.52, "decision": null, "traced_kerb_ft": 0.0, "kerb_coverage": 0.0, "crossings": 1.0, "side": null, "source": null, "start_ft": null, "end_ft": null, "way_ids": null, "station_ft": null }, "geometry": { "type": "LineString", "coordinates": [ [ -74.7691214, 40.3853129 ], [ -74.7691615, 40.385364 ], [ -74.7691803, 40.3853866 ], [ -74.76965, 40.385952 ], [ -74.7697038, 40.3860281 ], [ -74.7697636, 40.386108 ] ] } },
{ "type": "Feature", "properties": { "kind": "crossing", "name": "Eaton Place", "municipality": "Hopewell Borough", "length_ft": null, "decision": null, "traced_kerb_ft": null, "kerb_coverage": null, "crossings": null, "side": null, "source": null, "start_ft": null, "end_ft": null, "way_ids": null, "station_ft": 0.0 }, "geometry": { "type": "Point", "coordinates": [ -74.7691214, 40.3853129 ] } },
{ "type": "Feature", "properties": { "kind": "street", "name": "Eaton Place", "municipality": "Hopewell Borough", "length_ft": 253.28, "decision": null, "traced_kerb_ft": 0.0, "kerb_coverage": 0.0, "crossings": 0.0, "side": null, "source": null, "start_ft": null, "end_ft": null, "way_ids": null, "station_ft": null }, "geometry": { "type": "LineString", "coordinates": [ [ -74.7703054, 40.3858344 ], [ -74.77031860000001, 40.385869 ], [ -74.7703465, 40.3858993 ], [ -74.7703859, 40.385920900000016 ], [ -74.7704325, 40.3859315 ], [ -74.770481, 40.3859297 ], [ -74.7705261, 40.385916 ], [ -74.7705627, 40.3858917 ], [ -74.7705868, 40.3858595 ], [ -74.7705957, 40.3858232 ], [ -74.7705884, 40.3857866 ], [ -74.7705657, 40.385753900000012 ], [ -74.7705313, 40.3857292 ], [ -74.7704883, 40.3857143 ], [ -74.7704413, 40.3857106 ], [ -74.7703953, 40.3857185 ], [ -74.7703549, 40.3857373 ], [ -74.7703246, 40.3857649 ], [ -74.7703075, 40.3857985 ], [ -74.7703054, 40.3858344 ] ] } },
{ "type": "Feature", "properties": { "kind": "street", "name": "Eaton Place", "municipality": "Hopewell Borough", "length_ft": 253.3, "decision": null, "traced_kerb_ft": 0.0, "kerb_coverage": 0.0, "crossings": 0.0, "side": null, "source": null, "start_ft": null, "end_ft": null, "way_ids": null, "station_ft": null }, "geometry": { "type": "LineString", "coordinates": [ [ -74.7693877, 40.3863914 ], [ -74.7693475, 40.3864103 ], [ -74.7693001, 40.3864185 ], [ -74.7692519, 40.3864144 ], [ -74.769208, 40.3863984 ], [ -74.7691736, 40.3863723 ], [ -74.7691523, 40.386339 ], [ -74.7691465, 40.3863023 ], [ -74.769157, 40.3862661 ], [ -74.7691824, 40.3862346 ], [ -74.7692201, 40.3862112 ], [ -74.7692657, 40.3861986 ], [ -74.769313, 40.3861979 ], [ -74.769358, 40.3862088 ], [ -74.7693961, 40.3862301 ], [ -74.7694233, 40.3862595 ], [ -74.7694366, 40.3862941 ], [ -74.7694347, 40.38633 ], [ -74.7694178, 40.3863636 ], [ -74.7693877, 40.3863914 ] ] } },
{ "type": "Feature", "properties": { "kind": "street", "name": "Ege Avenue", "municipality": "Hopewell Borough", "length_ft": 360.59, "decision": null, "traced_kerb_ft": 0.0, "kerb_coverage": 0.0, "crossings": 2.0, "side": null, "source": null, "start_ft": null, "end_ft": null, "way_ids": null, "station_ft": null }, "geometry": { "type": "LineString", "coordinates": [ [ -74.768424300000021, 40.3844789 ], [ -74.7684758, 40.3845397 ], [ -74.7684939, 40.3845609 ], [ -74.7687786, 40.3848976 ], [ -74.7690665, 40.3852513 ], [ -74.769076900000016, 40.3852635 ], [ -74.7691214, 40.3853129 ] ] } },
{ "type": "Feature", "properties": { "kind": "crossing", "name": "Ege Avenue", "municipality": "Hopewell Borough", "length_ft": null, "decision": null, "traced_kerb_ft": null, "kerb_coverage": null, "crossings": null, "side": null, "source": null, "start_ft": null, "end_ft": null, "way_ids": null, "station_ft": 0.0 }, "geometry": { "type": "Point", "coordinates": [ -74.768424300000021, 40.3844789 ] } },
{ "type": "Feature", "properties": { "kind": "crossing", "name": "Ege Avenue", "municipality": "Hopewell Borough", "length_ft": null, "decision": null, "traced_kerb_ft": null, "kerb_coverage": null, "crossings": null, "side": null, "source": null, "start_ft": null, "end_ft": null, "way_ids": null, "station_ft": 360.59 }, "geometry": { "type": "Point", "coordinates": [ -74.7691214, 40.3853129 ] } },
{ "type": "Feature", "properties": { "kind": "street", "name": "Elm Street", "municipality": "Hopewell Borough", "length_ft": 2707.55, "decision": null, "traced_kerb_ft": 16.67, "kerb_coverage": 0.0031, "crossings": 5.0, "side": null, "source": null, "start_ft": null, "end_ft": null, "way_ids": null, "station_ft": null }, "geometry": { "type": "LineString", "coordinates": [ [ -74.7574533, 40.3920212 ], [ -74.7574526, 40.3920839 ], [ -74.7574514, 40.3921187 ], [ -74.757442, 40.39239 ], [ -74.757419, 40.392498 ], [ -74.757384, 40.39258 ], [ -74.757326, 40.392668 ], [ -74.757252, 40.392747 ], [ -74.757151, 40.392824 ], [ -74.757088, 40.39286 ], [ -74.755365, 40.3937131 ], [ -74.7552892, 40.3937215 ], [ -74.7552338, 40.3937149 ], [ -74.755186, 40.393696 ], [ -74.755139, 40.393665 ], [ -74.754628, 40.393147 ], [ -74.7543902, 40.3929045 ], [ -74.7541878, 40.392652 ], [ -74.754134, 40.3925877 ], [ -74.7541229, 40.3925735 ], [ -74.7541105, 40.3925576 ], [ -74.7538528, 40.3922283 ], [ -74.7536903, 40.3920206 ], [ -74.753617, 40.391927 ], [ -74.7535487, 40.3918256 ], [ -74.753516, 40.391777 ], [ -74.7534306, 40.391599 ], [ -74.7533947, 40.39150810000001 ], [ -74.7533684, 40.3914349 ], [ -74.7533551, 40.3914036 ], [ -74.7533235, 40.3913308 ], [ -74.7533003, 40.3912768 ], [ -74.7532135, 40.3910751 ], [ -74.7529263, 40.390396 ], [ -74.7525481, 40.389501 ], [ -74.752538, 40.3894778 ], [ -74.7525117, 40.3894185 ] ] } },
{ "type": "Feature", "properties": { "kind": "kerb", "name": "Elm Street", "municipality": "Hopewell Borough", "length_ft": 8.75, "decision": null, "traced_kerb_ft": null, "kerb_coverage": null, "crossings": null, "side": "left", "source": "OSM tracing", "start_ft": 1929.71, "end_ft": 1938.46, "way_ids": "1550469743,1550469744", "station_ft": null }, "geometry": { "type": "LineString", "coordinates": [ [ -74.753228682639616, 40.391479966285402 ], [ -74.75325757623186, 40.391471432851723 ], [ -74.7532852, 40.3914606 ], [ -74.7533071, 40.3914408 ] ] } },
{ "type": "Feature", "properties": { "kind": "kerb", "name": "Elm Street", "municipality": "Hopewell Borough", "length_ft": 7.46, "decision": null, "traced_kerb_ft": null, "kerb_coverage": null, "crossings": null, "side": "right", "source": "OSM tracing", "start_ft": 1879.84, "end_ft": 1887.3, "way_ids": "1550469742", "station_ft": null }, "geometry": { "type": "LineString", "coordinates": [ [ -74.7534823, 40.3915674 ], [ -74.753497887326091, 40.391548520707296 ], [ -74.753523174507265, 40.39153734729102 ], [ -74.753551163067584, 40.391530121098867 ] ] } },
{ "type": "Feature", "properties": { "kind": "kerb", "name": "Elm Street", "municipality": "Hopewell Borough", "length_ft": 0.46, "decision": null, "traced_kerb_ft": null, "kerb_coverage": null, "crossings": null, "side": "right", "source": "OSM tracing", "start_ft": 1928.14, "end_ft": 1928.6, "way_ids": "1550469734", "station_ft": null }, "geometry": { "type": "LineString", "coordinates": [ [ -74.7534797, 40.3914317 ], [ -74.753507569266461, 40.391424523117166 ] ] } },
{ "type": "Feature", "properties": { "kind": "crossing", "name": "Elm Street", "municipality": "Hopewell Borough", "length_ft": null, "decision": null, "traced_kerb_ft": null, "kerb_coverage": null, "crossings": null, "side": null, "source": null, "start_ft": null, "end_ft": null, "way_ids": null, "station_ft": 0.0 }, "geometry": { "type": "Point", "coordinates": [ -74.7574533, 40.3920212 ] } },
{ "type": "Feature", "properties": { "kind": "crossing", "name": "Elm Street", "municipality": "Hopewell Borough", "length_ft": null, "decision": null, "traced_kerb_ft": null, "kerb_coverage": null, "crossings": null, "side": null, "source": null, "start_ft": null, "end_ft": null, "way_ids": null, "station_ft": 1434.19 }, "geometry": { "type": "Point", "coordinates": [ -74.754187796174904, 40.392651995428388 ] } },
{ "type": "Feature", "properties": { "kind": "crossing", "name": "Elm Street", "municipality": "Hopewell Borough", "length_ft": null, "decision": null, "traced_kerb_ft": null, "kerb_coverage": null, "crossings": null, "side": null, "source": null, "start_ft": null, "end_ft": null, "way_ids": null, "station_ft": 1907.57 }, "geometry": { "type": "Point", "coordinates": [ -74.753394704207153, 40.39150811065268 ] } },
{ "type": "Feature", "properties": { "kind": "crossing", "name": "Elm Street", "municipality": "Hopewell Borough", "length_ft": null, "decision": null, "traced_kerb_ft": null, "kerb_coverage": null, "crossings": null, "side": null, "source": null, "start_ft": null, "end_ft": null, "way_ids": null, "station_ft": 2333.2 }, "geometry": { "type": "Point", "coordinates": [ -74.752926305367779, 40.390396012692527 ] } },
{ "type": "Feature", "properties": { "kind": "crossing", "name": "Elm Street", "municipality": "Hopewell Borough", "length_ft": null, "decision": null, "traced_kerb_ft": null, "kerb_coverage": null, "crossings": null, "side": null, "source": null, "start_ft": null, "end_ft": null, "way_ids": null, "station_ft": 2707.55 }, "geometry": { "type": "Point", "coordinates": [ -74.7525117, 40.3894185 ] } },
{ "type": "Feature", "properties": { "kind": "street", "name": "Front Street", "municipality": "Hopewell Borough", "length_ft": 589.57, "decision": null, "traced_kerb_ft": 0.0, "kerb_coverage": 0.0, "crossings": 2.0, "side": null, "source": null, "start_ft": null, "end_ft": null, "way_ids": null, "station_ft": null }, "geometry": { "type": "LineString", "coordinates": [ [ -74.7639668, 40.3917259 ], [ -74.7638915, 40.3917597 ], [ -74.7638594, 40.391774 ], [ -74.763741, 40.39182850000001 ], [ -74.7625874, 40.3923594 ], [ -74.7623101, 40.3924814 ], [ -74.7622524, 40.3925068 ], [ -74.7622103, 40.39252530000001 ], [ -74.762147, 40.3925524 ] ] } },
{ "type": "Feature", "properties": { "kind": "crossing", "name": "Front Street", "municipality": "Hopewell Borough", "length_ft": null, "decision": null, "traced_kerb_ft": null, "kerb_coverage": null, "crossings": null, "side": null, "source": null, "start_ft": null, "end_ft": null, "way_ids": null, "station_ft": 0.0 }, "geometry": { "type": "Point", "coordinates": [ -74.7639668, 40.3917259 ] } },
{ "type": "Feature", "properties": { "kind": "crossing", "name": "Front Street", "municipality": "Hopewell Borough", "length_ft": null, "decision": null, "traced_kerb_ft": null, "kerb_coverage": null, "crossings": null, "side": null, "source": null, "start_ft": null, "end_ft": null, "way_ids": null, "station_ft": 569.36 }, "geometry": { "type": "Point", "coordinates": [ -74.762210299726135, 40.392525300117256 ] } },
{ "type": "Feature", "properties": { "kind": "street", "name": "Golden Avenue", "municipality": "Hopewell Borough", "length_ft": 426.01, "decision": null, "traced_kerb_ft": 0.0, "kerb_coverage": 0.0, "crossings": 2.0, "side": null, "source": null, "start_ft": null, "end_ft": null, "way_ids": null, "station_ft": null }, "geometry": { "type": "LineString", "coordinates": [ [ -74.7641868, 40.3919605 ], [ -74.7642546, 40.3919273 ], [ -74.7642811, 40.391915 ], [ -74.765416, 40.39137 ], [ -74.7654821, 40.3913386 ] ] } },
{ "type": "Feature", "properties": { "kind": "crossing", "name": "Golden Avenue", "municipality": "Hopewell Borough", "length_ft": null, "decision": null, "traced_kerb_ft": null, "kerb_coverage": null, "crossings": null, "side": null, "source": null, "start_ft": null, "end_ft": null, "way_ids": null, "station_ft": 0.0 }, "geometry": { "type": "Point", "coordinates": [ -74.7641868, 40.3919605 ] } },
{ "type": "Feature", "properties": { "kind": "crossing", "name": "Golden Avenue", "municipality": "Hopewell Borough", "length_ft": null, "decision": null, "traced_kerb_ft": null, "kerb_coverage": null, "crossings": null, "side": null, "source": null, "start_ft": null, "end_ft": null, "way_ids": null, "station_ft": 426.01 }, "geometry": { "type": "Point", "coordinates": [ -74.765482095676958, 40.391338602053615 ] } },
{ "type": "Feature", "properties": { "kind": "street", "name": "Greenwood Avenue", "municipality": "Hopewell Borough", "length_ft": 2444.7, "decision": null, "traced_kerb_ft": 540.65, "kerb_coverage": 0.1106, "crossings": 10.0, "side": null, "source": null, "start_ft": null, "end_ft": null, "way_ids": null, "station_ft": null }, "geometry": { "type": "LineString", "coordinates": [ [ -74.7612009, 40.3882662 ], [ -74.7612687, 40.3882924 ], [ -74.7613336, 40.388340500000012 ], [ -74.7614327, 40.388458 ], [ -74.7614886, 40.388533700000011 ], [ -74.7616758, 40.3887883 ], [ -74.761812, 40.388968 ], [ -74.761877, 40.3890541 ], [ -74.7618935, 40.3890759 ], [ -74.7619598, 40.389179 ], [ -74.7620261, 40.3892653 ], [ -74.7620547, 40.389301 ], [ -74.7622523, 40.3895608 ], [ -74.7622721, 40.3895869 ], [ -74.7623178, 40.3896467 ], [ -74.762655, 40.3900919 ], [ -74.7627023, 40.3901494 ], [ -74.7627365, 40.3901993 ], [ -74.763031, 40.390582 ], [ -74.763184, 40.390788699999987 ], [ -74.7632827, 40.3909189 ], [ -74.7636432, 40.3913515 ], [ -74.763795300000012, 40.39153180000001 ], [ -74.7639668, 40.3917259 ], [ -74.7641868, 40.3919605 ], [ -74.7644896, 40.3923375 ], [ -74.764625, 40.392527 ], [ -74.7652464, 40.39332970000001 ], [ -74.765744477243274, 40.393991612346241 ] ] } },
{ "type": "Feature", "properties": { "kind": "kerb", "name": "Greenwood Avenue", "municipality": "Hopewell Borough", "length_ft": 93.39, "decision": null, "traced_kerb_ft": null, "kerb_coverage": null, "crossings": null, "side": "left", "source": "OSM tracing", "start_ft": 271.78, "end_ft": 365.17, "way_ids": "1546798722,1546749248,1546607280,1546749249", "station_ft": null }, "geometry": { "type": "LineString", "coordinates": [ [ -74.7617903, 40.3888532 ], [ -74.761804799987601, 40.388872425002873 ], [ -74.761819299983472, 40.388891650003821 ], [ -74.761833799987613, 40.388910875002864 ], [ -74.761848300000011, 40.3889301 ], [ -74.761863674986074, 40.38895047500322 ], [ -74.761879049981431, 40.388970850004299 ], [ -74.761894424986068, 40.388991225003231 ], [ -74.761909800000012, 40.3890116 ], [ -74.761928825006407, 40.389032271780742 ], [ -74.761985, 40.3890551 ], [ -74.762038890792255, 40.389044781035111 ], [ -74.762014098218927, 40.389057433353479 ] ] } },
{ "type": "Feature", "properties": { "kind": "kerb", "name": "Greenwood Avenue", "municipality": "Hopewell Borough", "length_ft": 8.63, "decision": null, "traced_kerb_ft": null, "kerb_coverage": null, "crossings": null, "side": "left", "source": "OSM tracing", "start_ft": 422.79, "end_ft": 431.42, "way_ids": "1546749244,1546607277", "station_ft": null }, "geometry": { "type": "LineString", "coordinates": [ [ -74.762134996547786, 40.389178477929619 ], [ -74.762111386015519, 40.389192184960798 ], [ -74.7620921, 40.3892093 ], [ -74.762081702932193, 40.389229894843659 ] ] } },
{ "type": "Feature", "properties": { "kind": "kerb", "name": "Greenwood Avenue", "municipality": "Hopewell Borough", "length_ft": 134.14, "decision": null, "traced_kerb_ft": null, "kerb_coverage": null, "crossings": null, "side": "left", "source": "OSM tracing", "start_ft": 438.45, "end_ft": 572.59, "way_ids": "1546749245,1546798727", "station_ft": null }, "geometry": { "type": "LineString", "coordinates": [ [ -74.7620805, 40.3892519 ], [ -74.7620977, 40.3892872 ], [ -74.762112253275546, 40.389306333346781 ], [ -74.762126806559337, 40.389325466691638 ], [ -74.762141359851384, 40.389344600034569 ], [ -74.762155913151688, 40.389363733375596 ], [ -74.762170466460262, 40.389382866714683 ], [ -74.762185019777078, 40.389402000051867 ], [ -74.762199573102166, 40.389421133387117 ], [ -74.762214126435495, 40.389440266720449 ], [ -74.762228679777081, 40.389459400051855 ], [ -74.762243233126924, 40.389478533381364 ], [ -74.762257786485023, 40.389497666708927 ], [ -74.762272339851378, 40.389516800034571 ], [ -74.762286893226005, 40.389535933358303 ], [ -74.762301446608873, 40.38955506668011 ], [ -74.762316, 40.3895742 ] ] } },
{ "type": "Feature", "properties": { "kind": "kerb", "name": "Greenwood Avenue", "municipality": "Hopewell Borough", "length_ft": 88.88, "decision": null, "traced_kerb_ft": null, "kerb_coverage": null, "crossings": null, "side": "right", "source": "OSM tracing", "start_ft": 284.41, "end_ft": 373.29, "way_ids": "1546798723,1546749250,1546607279,1546749251", "station_ft": null }, "geometry": { "type": "LineString", "coordinates": [ [ -74.761714900000015, 40.3889267 ], [ -74.761731199989939, 40.388947533335745 ], [ -74.761747499989937, 40.388968366669076 ], [ -74.7617638, 40.3889892 ], [ -74.761779131777118, 40.38900907454579 ], [ -74.761794463563263, 40.389028949089443 ], [ -74.761809795358445, 40.389048823630958 ], [ -74.761825087018195, 40.389068716024532 ], [ -74.7618374, 40.3890897 ], [ -74.761839396919996, 40.389116387200254 ], [ -74.7618297, 40.389142200000016 ], [ -74.761802020232921, 40.389162029038729 ] ] } },
{ "type": "Feature", "properties": { "kind": "kerb", "name": "Greenwood Avenue", "municipality": "Hopewell Borough", "length_ft": 7.76, "decision": null, "traced_kerb_ft": null, "kerb_coverage": null, "crossings": null, "side": "right", "source": "OSM tracing", "start_ft": 427.6, "end_ft": 435.36, "way_ids": "1546749247,1546607278", "station_ft": null }, "geometry": { "type": "LineString", "coordinates": [ [ -74.761894833325016, 40.389301663948672 ], [ -74.761925, 40.38929550000001 ], [ -74.761962445182562, 40.389297261722 ] ] } },
{ "type": "Feature", "properties": { "kind": "kerb", "name": "Greenwood Avenue", "municipality": "Hopewell Borough", "length_ft": 207.85, "decision": null, "traced_kerb_ft": null, "kerb_coverage": null, "crossings": null, "side": "right", "source": "OSM tracing", "start_ft": 443.94, "end_ft": 651.79, "way_ids": "1546749246,1547330323,1547330324", "station_ft": null }, "geometry": { "type": "LineString", "coordinates": [ [ -74.7619968, 40.3893088 ], [ -74.762017127862933, 40.389324237344567 ], [ -74.762031500495866, 40.389343500909511 ], [ -74.762045873136998, 40.389362764472565 ], [ -74.762060245786373, 40.389382028033765 ], [ -74.762074618443918, 40.389401291593067 ], [ -74.762088991109692, 40.389420555150501 ], [ -74.76210336378368, 40.389439818706066 ], [ -74.762117736465882, 40.389459082259741 ], [ -74.762132109156283, 40.38947834581154 ], [ -74.762146481854899, 40.389497609361491 ], [ -74.762160854561728, 40.389516872909532 ], [ -74.762175227276757, 40.389536136455703 ], [ -74.7621896, 40.3895554 ], [ -74.762207130072824, 40.389575536478873 ], [ -74.762224, 40.389596 ], [ -74.76223922995878, 40.389616290009471 ], [ -74.762254459926709, 40.389636580016848 ], [ -74.762269689903789, 40.389656870022115 ], [ -74.76228491989005, 40.389677160025272 ], [ -74.762300149885462, 40.389697450026333 ], [ -74.76231537989004, 40.389717740025269 ], [ -74.762330609903799, 40.389738030022116 ], [ -74.762345839926695, 40.389758320016853 ], [ -74.762361069958772, 40.389778610009479 ], [ -74.7623763, 40.3897989 ] ] } },
{ "type": "Feature", "properties": { "kind": "crossing", "name": "Greenwood Avenue", "municipality": "Hopewell Borough", "length_ft": null, "decision": null, "traced_kerb_ft": null, "kerb_coverage": null, "crossings": null, "side": null, "source": null, "start_ft": null, "end_ft": null, "way_ids": null, "station_ft": 0.0 }, "geometry": { "type": "Point", "coordinates": [ -74.7612009, 40.3882662 ] } },
{ "type": "Feature", "properties": { "kind": "crossing", "name": "Greenwood Avenue", "municipality": "Hopewell Borough", "length_ft": null, "decision": null, "traced_kerb_ft": null, "kerb_coverage": null, "crossings": null, "side": null, "source": null, "start_ft": null, "end_ft": null, "way_ids": null, "station_ft": 398.23 }, "geometry": { "type": "Point", "coordinates": [ -74.761959794488988, 40.389178991430093 ] } },
{ "type": "Feature", "properties": { "kind": "crossing", "name": "Greenwood Avenue", "municipality": "Hopewell Borough", "length_ft": null, "decision": null, "traced_kerb_ft": null, "kerb_coverage": null, "crossings": null, "side": null, "source": null, "start_ft": null, "end_ft": null, "way_ids": null, "station_ft": 807.8 }, "geometry": { "type": "Point", "coordinates": [ -74.7627022992462, 40.390149399083668 ] } },
{ "type": "Feature", "properties": { "kind": "crossing", "name": "Greenwood Avenue", "municipality": "Hopewell Borough", "length_ft": null, "decision": null, "traced_kerb_ft": null, "kerb_coverage": null, "crossings": null, "side": null, "source": null, "start_ft": null, "end_ft": null, "way_ids": null, "station_ft": 990.07 }, "geometry": { "type": "Point", "coordinates": [ -74.763030993087995, 40.390581991017989 ] } },
{ "type": "Feature", "properties": { "kind": "crossing", "name": "Greenwood Avenue", "municipality": "Hopewell Borough", "length_ft": null, "decision": null, "traced_kerb_ft": null, "kerb_coverage": null, "crossings": null, "side": null, "source": null, "start_ft": null, "end_ft": null, "way_ids": null, "station_ft": 1076.59 }, "geometry": { "type": "Point", "coordinates": [ -74.763183994649154, 40.390788692771125 ] } },
{ "type": "Feature", "properties": { "kind": "crossing", "name": "Greenwood Avenue", "municipality": "Hopewell Borough", "length_ft": null, "decision": null, "traced_kerb_ft": null, "kerb_coverage": null, "crossings": null, "side": null, "source": null, "start_ft": null, "end_ft": null, "way_ids": null, "station_ft": 1131.41 }, "geometry": { "type": "Point", "coordinates": [ -74.763282694119809, 40.390918892243157 ] } },
{ "type": "Feature", "properties": { "kind": "crossing", "name": "Greenwood Avenue", "municipality": "Hopewell Borough", "length_ft": null, "decision": null, "traced_kerb_ft": null, "kerb_coverage": null, "crossings": null, "side": null, "source": null, "start_ft": null, "end_ft": null, "way_ids": null, "station_ft": 1481.76 }, "geometry": { "type": "Point", "coordinates": [ -74.763966806319715, 40.39172590673914 ] } },
{ "type": "Feature", "properties": { "kind": "crossing", "name": "Greenwood Avenue", "municipality": "Hopewell Borough", "length_ft": null, "decision": null, "traced_kerb_ft": null, "kerb_coverage": null, "crossings": null, "side": null, "source": null, "start_ft": null, "end_ft": null, "way_ids": null, "station_ft": 1586.91 }, "geometry": { "type": "Point", "coordinates": [ -74.7641867907669, 40.391960490154212 ] } },
{ "type": "Feature", "properties": { "kind": "crossing", "name": "Greenwood Avenue", "municipality": "Hopewell Borough", "length_ft": null, "decision": null, "traced_kerb_ft": null, "kerb_coverage": null, "crossings": null, "side": null, "source": null, "start_ft": null, "end_ft": null, "way_ids": null, "station_ft": 1826.74 }, "geometry": { "type": "Point", "coordinates": [ -74.764625006672347, 40.392527008619197 ] } },
{ "type": "Feature", "properties": { "kind": "crossing", "name": "Greenwood Avenue", "municipality": "Hopewell Borough", "length_ft": null, "decision": null, "traced_kerb_ft": null, "kerb_coverage": null, "crossings": null, "side": null, "source": null, "start_ft": null, "end_ft": null, "way_ids": null, "station_ft": 2166.52 }, "geometry": { "type": "Point", "coordinates": [ -74.765246392678719, 40.393329690542814 ] } },
{ "type": "Feature", "properties": { "kind": "street", "name": "Hamilton Avenue", "municipality": "Hopewell Borough", "length_ft": 912.52, "decision": null, "traced_kerb_ft": 164.4, "kerb_coverage": 0.0901, "crossings": 3.0, "side": null, "source": null, "start_ft": null, "end_ft": null, "way_ids": null, "station_ft": null }, "geometry": { "type": "LineString", "coordinates": [ [ -74.758864, 40.390093 ], [ -74.7588954, 40.3901626 ], [ -74.7589036, 40.3901815 ], [ -74.758924, 40.3902266 ], [ -74.7590588, 40.3905244 ], [ -74.7590664, 40.3905412 ], [ -74.7595204, 40.3915451 ], [ -74.7595444, 40.3915948 ], [ -74.7597322, 40.3920293 ], [ -74.7597477, 40.3920652 ], [ -74.7598828, 40.3923775 ], [ -74.759892, 40.3923989 ], [ -74.759921, 40.392464 ] ] } },
{ "type": "Feature", "properties": { "kind": "kerb", "name": "Hamilton Avenue", "municipality": "Hopewell Borough", "length_ft": 64.85, "decision": null, "traced_kerb_ft": null, "kerb_coverage": null, "crossings": null, "side": "left", "source": "OSM tracing", "start_ft": 22.71, "end_ft": 87.55, "way_ids": "1546869372,1547330295,1547330294", "station_ft": null }, "geometry": { "type": "LineString", "coordinates": [ [ -74.759021140875745, 40.390117491817158 ], [ -74.758992320441649, 40.390126345912158 ], [ -74.7589635, 40.39013520000001 ], [ -74.7589622, 40.3901552 ], [ -74.758971672960783, 40.390176504813148 ], [ -74.758981145927592, 40.390197809625434 ], [ -74.758992621297011, 40.390218389312196 ], [ -74.758999814876219, 40.390239955124422 ], [ -74.759009376578106, 40.39026123675049 ], [ -74.759018938286019, 40.390282518375699 ], [ -74.759028500000014, 40.3903038 ] ] } },
{ "type": "Feature", "properties": { "kind": "kerb", "name": "Hamilton Avenue", "municipality": "Hopewell Borough", "length_ft": 99.55, "decision": null, "traced_kerb_ft": null, "kerb_coverage": null, "crossings": null, "side": "right", "source": "OSM tracing", "start_ft": 20.29, "end_ft": 119.84, "way_ids": "1546869364,1547330296,1547330297,1547330298", "station_ft": null }, "geometry": { "type": "LineString", "coordinates": [ [ -74.7587446, 40.3901834 ], [ -74.758851300000018, 40.3901654 ], [ -74.7588585, 40.390183 ], [ -74.758868299987142, 40.390205080001863 ], [ -74.758878099980706, 40.390227160002794 ], [ -74.758887899980706, 40.390249240002809 ], [ -74.758897699987145, 40.390271320001865 ], [ -74.7589075, 40.3902934 ], [ -74.758918459984145, 40.390317740002317 ], [ -74.758929419976212, 40.390342080003499 ], [ -74.758940379976195, 40.390366420003488 ], [ -74.758951339984122, 40.390390760002326 ], [ -74.7589623, 40.3904151 ] ] } },
{ "type": "Feature", "properties": { "kind": "crossing", "name": "Hamilton Avenue", "municipality": "Hopewell Borough", "length_ft": null, "decision": null, "traced_kerb_ft": null, "kerb_coverage": null, "crossings": null, "side": null, "source": null, "start_ft": null, "end_ft": null, "way_ids": null, "station_ft": 0.0 }, "geometry": { "type": "Point", "coordinates": [ -74.758864, 40.390093 ] } },
{ "type": "Feature", "properties": { "kind": "crossing", "name": "Hamilton Avenue", "municipality": "Hopewell Borough", "length_ft": null, "decision": null, "traced_kerb_ft": null, "kerb_coverage": null, "crossings": null, "side": null, "source": null, "start_ft": null, "end_ft": null, "way_ids": null, "station_ft": 559.67 }, "geometry": { "type": "Point", "coordinates": [ -74.759520398315857, 40.391545096276026 ] } },
{ "type": "Feature", "properties": { "kind": "crossing", "name": "Hamilton Avenue", "municipality": "Hopewell Borough", "length_ft": null, "decision": null, "traced_kerb_ft": null, "kerb_coverage": null, "crossings": null, "side": null, "source": null, "start_ft": null, "end_ft": null, "way_ids": null, "station_ft": 912.52 }, "geometry": { "type": "Point", "coordinates": [ -74.759920996113877, 40.39246399127628 ] } },
{ "type": "Feature", "properties": { "kind": "street", "name": "Hart Avenue", "municipality": "Hopewell Borough", "length_ft": 2716.65, "decision": null, "traced_kerb_ft": 0.0, "kerb_coverage": 0.0, "crossings": 4.0, "side": null, "source": null, "start_ft": null, "end_ft": null, "way_ids": null, "station_ft": null }, "geometry": { "type": "LineString", "coordinates": [ [ -74.764625, 40.392527 ], [ -74.7646998, 40.39249130000001 ], [ -74.7647236, 40.3924799 ], [ -74.76594, 40.391896 ], [ -74.766932600000018, 40.3914334 ], [ -74.7679671, 40.3909343 ], [ -74.7699962, 40.390020800000016 ], [ -74.7705849, 40.3897627 ], [ -74.7713411, 40.3894329 ], [ -74.7714731, 40.3893767 ], [ -74.773007618273681, 40.388717249045705 ] ] } },
{ "type": "Feature", "properties": { "kind": "crossing", "name": "Hart Avenue", "municipality": "Hopewell Borough", "length_ft": null, "decision": null, "traced_kerb_ft": null, "kerb_coverage": null, "crossings": null, "side": null, "source": null, "start_ft": null, "end_ft": null, "way_ids": null, "station_ft": 0.0 }, "geometry": { "type": "Point", "coordinates": [ -74.764625, 40.392527 ] } },
{ "type": "Feature", "properties": { "kind": "crossing", "name": "Hart Avenue", "municipality": "Hopewell Borough", "length_ft": null, "decision": null, "traced_kerb_ft": null, "kerb_coverage": null, "crossings": null, "side": null, "source": null, "start_ft": null, "end_ft": null, "way_ids": null, "station_ft": 432.42 }, "geometry": { "type": "Point", "coordinates": [ -74.765940010712001, 40.391895995007765 ] } },
{ "type": "Feature", "properties": { "kind": "crossing", "name": "Hart Avenue", "municipality": "Hopewell Borough", "length_ft": null, "decision": null, "traced_kerb_ft": null, "kerb_coverage": null, "crossings": null, "side": null, "source": null, "start_ft": null, "end_ft": null, "way_ids": null, "station_ft": 756.19 }, "geometry": { "type": "Point", "coordinates": [ -74.766932587248846, 40.391433405942749 ] } },
{ "type": "Feature", "properties": { "kind": "crossing", "name": "Hart Avenue", "municipality": "Hopewell Borough", "length_ft": null, "decision": null, "traced_kerb_ft": null, "kerb_coverage": null, "crossings": null, "side": null, "source": null, "start_ft": null, "end_ft": null, "way_ids": null, "station_ft": 1096.9 }, "geometry": { "type": "Point", "coordinates": [ -74.767967100760117, 40.390934299657808 ] } },
{ "type": "Feature", "properties": { "kind": "street", "name": "Lafayette Street", "municipality": "Hopewell Borough", "length_ft": 2183.18, "decision": null, "traced_kerb_ft": 0.0, "kerb_coverage": 0.0, "crossings": 5.0, "side": null, "source": null, "start_ft": null, "end_ft": null, "way_ids": null, "station_ft": null }, "geometry": { "type": "LineString", "coordinates": [ [ -74.7616672, 40.3909844 ], [ -74.7615876, 40.3910048 ], [ -74.7596285, 40.391517 ], [ -74.7596008, 40.3915242 ], [ -74.7595204, 40.3915451 ], [ -74.7594166, 40.3915706 ], [ -74.7582612, 40.3918744 ], [ -74.7581429, 40.3919012 ], [ -74.7579222, 40.3919598 ], [ -74.7577908, 40.3919894 ], [ -74.7576791, 40.3920066 ], [ -74.7574533, 40.3920212 ], [ -74.7573335, 40.392022400000016 ], [ -74.7569669, 40.3920169 ], [ -74.756706, 40.392013 ], [ -74.756564, 40.392026 ], [ -74.756482, 40.39204 ], [ -74.7542861, 40.3926244 ], [ -74.7541878, 40.392652 ] ] } },
{ "type": "Feature", "properties": { "kind": "crossing", "name": "Lafayette Street", "municipality": "Hopewell Borough", "length_ft": null, "decision": null, "traced_kerb_ft": null, "kerb_coverage": null, "crossings": null, "side": null, "source": null, "start_ft": null, "end_ft": null, "way_ids": null, "station_ft": 0.0 }, "geometry": { "type": "Point", "coordinates": [ -74.7616672, 40.3909844 ] } },
{ "type": "Feature", "properties": { "kind": "crossing", "name": "Lafayette Street", "municipality": "Hopewell Borough", "length_ft": null, "decision": null, "traced_kerb_ft": null, "kerb_coverage": null, "crossings": null, "side": null, "source": null, "start_ft": null, "end_ft": null, "way_ids": null, "station_ft": 631.87 }, "geometry": { "type": "Point", "coordinates": [ -74.759520411156117, 40.391545097099971 ] } },
{ "type": "Feature", "properties": { "kind": "crossing", "name": "Lafayette Street", "municipality": "Hopewell Borough", "length_ft": null, "decision": null, "traced_kerb_ft": null, "kerb_coverage": null, "crossings": null, "side": null, "source": null, "start_ft": null, "end_ft": null, "way_ids": null, "station_ft": 1234.99 }, "geometry": { "type": "Point", "coordinates": [ -74.757453315470912, 40.3920211989997 ] } },
{ "type": "Feature", "properties": { "kind": "crossing", "name": "Lafayette Street", "municipality": "Hopewell Borough", "length_ft": null, "decision": null, "traced_kerb_ft": null, "kerb_coverage": null, "crossings": null, "side": null, "source": null, "start_ft": null, "end_ft": null, "way_ids": null, "station_ft": 1506.41 }, "geometry": { "type": "Point", "coordinates": [ -74.756482000070093, 40.392039999988036 ] } },
{ "type": "Feature", "properties": { "kind": "crossing", "name": "Lafayette Street", "municipality": "Hopewell Borough", "length_ft": null, "decision": null, "traced_kerb_ft": null, "kerb_coverage": null, "crossings": null, "side": null, "source": null, "start_ft": null, "end_ft": null, "way_ids": null, "station_ft": 2183.18 }, "geometry": { "type": "Point", "coordinates": [ -74.754187811904217, 40.392651996657619 ] } },
{ "type": "Feature", "properties": { "kind": "street", "name": "Lanning Avenue", "municipality": "Hopewell Borough", "length_ft": 807.67, "decision": null, "traced_kerb_ft": 218.28, "kerb_coverage": 0.1351, "crossings": 3.0, "side": null, "source": null, "start_ft": null, "end_ft": null, "way_ids": null, "station_ft": null }, "geometry": { "type": "LineString", "coordinates": [ [ -74.768313, 40.387152 ], [ -74.7682895, 40.3871237 ], [ -74.7682336, 40.3870562 ], [ -74.7682209, 40.3870411 ], [ -74.768013, 40.386793 ], [ -74.7675103, 40.3861921 ], [ -74.7674922, 40.3861703 ], [ -74.7674488, 40.3861181 ], [ -74.7674106, 40.3860722 ], [ -74.767397, 40.3860558 ], [ -74.7670966, 40.3856974 ], [ -74.7668091, 40.385353300000013 ], [ -74.7667869, 40.3853268 ], [ -74.7667509, 40.3852841 ] ] } },
{ "type": "Feature", "properties": { "kind": "kerb", "name": "Lanning Avenue", "municipality": "Hopewell Borough", "length_ft": 21.22, "decision": null, "traced_kerb_ft": null, "kerb_coverage": null, "crossings": null, "side": "left", "source": "OSM tracing", "start_ft": 407.93, "end_ft": 429.15, "way_ids": "1550363446,1550363445,1550363443,1550363441,1550363444", "station_ft": null }, "geometry": { "type": "LineString", "coordinates": [ [ -74.7674851, 40.3862276 ], [ -74.7674593, 40.3861967 ], [ -74.7674446, 40.3861853 ], [ -74.767368350052394, 40.386215225031187 ] ] } },
{ "type": "Feature", "properties": { "kind": "kerb", "name": "Lanning Avenue", "municipality": "Hopewell Borough", "length_ft": 89.59, "decision": null, "traced_kerb_ft": null, "kerb_coverage": null, "crossings": null, "side": "left", "source": "OSM tracing", "start_ft": 461.84, "end_ft": 551.43, "way_ids": "1550363457,1550363459,1550363456,1550363460,1550363458,1550363455", "station_ft": null }, "geometry": { "type": "LineString", "coordinates": [ [ -74.767355, 40.3861154 ], [ -74.7673706, 40.3861044 ], [ -74.7673687, 40.386099800000011 ], [ -74.7673605, 40.3860886 ], [ -74.767344669959854, 40.386069580010151 ], [ -74.767328839928609, 40.386050560018063 ], [ -74.767313009906317, 40.386031540023708 ], [ -74.767297179892921, 40.386012520027087 ], [ -74.767281349888464, 40.385993500028235 ], [ -74.767265519892931, 40.385974480027102 ], [ -74.767249689906308, 40.385955460023709 ], [ -74.767233859928623, 40.385936440018071 ], [ -74.767218029959849, 40.385917420010159 ], [ -74.7672022, 40.3858984 ] ] } },
{ "type": "Feature", "properties": { "kind": "kerb", "name": "Lanning Avenue", "municipality": "Hopewell Borough", "length_ft": 75.85, "decision": null, "traced_kerb_ft": null, "kerb_coverage": null, "crossings": null, "side": "right", "source": "OSM tracing", "start_ft": 353.39, "end_ft": 429.25, "way_ids": "1550363447,1550363448,1550363449,1550363450", "station_ft": null }, "geometry": { "type": "LineString", "coordinates": [ [ -74.7676708, 40.3863145 ], [ -74.767654499967037, 40.386295000008381 ], [ -74.767638199943491, 40.386275500014371 ], [ -74.767621899929367, 40.386256000017958 ], [ -74.76760559992465, 40.386236500019152 ], [ -74.767589299929355, 40.386217000017965 ], [ -74.767572999943496, 40.386197500014369 ], [ -74.767556699967031, 40.386178000008378 ], [ -74.7675404, 40.3861585 ], [ -74.7675318, 40.3861476 ], [ -74.767610640026035, 40.386097120015798 ] ] } },
{ "type": "Feature", "properties": { "kind": "kerb", "name": "Lanning Avenue", "municipality": "Hopewell Borough", "length_ft": 31.63, "decision": null, "traced_kerb_ft": null, "kerb_coverage": null, "crossings": null, "side": "right", "source": "OSM tracing", "start_ft": 462.13, "end_ft": 493.76, "way_ids": "1550363451,1550363461,1550363462,1550363463,1550363454", "station_ft": null }, "geometry": { "type": "LineString", "coordinates": [ [ -74.767536200013637, 40.386026275008433 ], [ -74.76746, 40.3860532 ], [ -74.7674448, 40.3860422 ], [ -74.7674143, 40.3860064 ], [ -74.7673998, 40.3859896 ] ] } },
{ "type": "Feature", "properties": { "kind": "crossing", "name": "Lanning Avenue", "municipality": "Hopewell Borough", "length_ft": null, "decision": null, "traced_kerb_ft": null, "kerb_coverage": null, "crossings": null, "side": null, "source": null, "start_ft": null, "end_ft": null, "way_ids": null, "station_ft": 0.0 }, "geometry": { "type": "Point", "coordinates": [ -74.768313, 40.387152 ] } },
{ "type": "Feature", "properties": { "kind": "crossing", "name": "Lanning Avenue", "municipality": "Hopewell Borough", "length_ft": null, "decision": null, "traced_kerb_ft": null, "kerb_coverage": null, "crossings": null, "side": null, "source": null, "start_ft": null, "end_ft": null, "way_ids": null, "station_ft": 446.98 }, "geometry": { "type": "Point", "coordinates": [ -74.767448808047561, 40.386118109679344 ] } },
{ "type": "Feature", "properties": { "kind": "crossing", "name": "Lanning Avenue", "municipality": "Hopewell Borough", "length_ft": null, "decision": null, "traced_kerb_ft": null, "kerb_coverage": null, "crossings": null, "side": null, "source": null, "start_ft": null, "end_ft": null, "way_ids": null, "station_ft": 807.67 }, "geometry": { "type": "Point", "coordinates": [ -74.7667509, 40.3852841 ] } },
{ "type": "Feature", "properties": { "kind": "street", "name": "Louellen Street", "municipality": "Hopewell Borough", "length_ft": 2770.7, "decision": null, "traced_kerb_ft": 1093.45, "kerb_coverage": 0.1973, "crossings": 6.0, "side": null, "source": null, "start_ft": null, "end_ft": null, "way_ids": null, "station_ft": null }, "geometry": { "type": "LineString", "coordinates": [ [ -74.7659448, 40.3870407 ], [ -74.7660868, 40.3870508 ], [ -74.767113, 40.3870939 ], [ -74.768313, 40.387152 ], [ -74.7692895, 40.3872047 ], [ -74.7697041, 40.3872253 ], [ -74.7698853, 40.38723370000001 ], [ -74.7701022, 40.3872439 ], [ -74.7706752, 40.3872687 ], [ -74.7716044, 40.3873051 ], [ -74.7720146, 40.3873178 ], [ -74.7723274, 40.3873311 ], [ -74.772868, 40.3873519 ], [ -74.7743425, 40.3874138 ], [ -74.7749522, 40.3874346 ], [ -74.7756738, 40.3874639 ], [ -74.7758754, 40.3874715 ] ] } },
{ "type": "Feature", "properties": { "kind": "kerb", "name": "Louellen Street", "municipality": "Hopewell Borough", "length_ft": 10.27, "decision": null, "traced_kerb_ft": null, "kerb_coverage": null, "crossings": null, "side": "left", "source": "OSM tracing", "start_ft": 3.85, "end_ft": 14.13, "way_ids": "1546755079", "station_ft": null }, "geometry": { "type": "LineString", "coordinates": [ [ -74.765968751581283, 40.386958004150394 ], [ -74.765989264453196, 40.386942580178875 ], [ -74.766009562962395, 40.386926991439672 ] ] } },
{ "type": "Feature", "properties": { "kind": "kerb", "name": "Louellen Street", "municipality": "Hopewell Borough", "length_ft": 549.4, "decision": null, "traced_kerb_ft": null, "kerb_coverage": null, "crossings": null, "side": "left", "source": "OSM tracing", "start_ft": 64.2, "end_ft": 613.59, "way_ids": "1546755069,1546755073,1547974220,1547974222", "station_ft": null }, "geometry": { "type": "LineString", "coordinates": [ [ -74.7661786, 40.386997800000017 ], [ -74.766208473282177, 40.387003031450355 ], [ -74.766239584084389, 40.387004497235715 ], [ -74.7662707, 40.3870059 ], [ -74.766300224995803, 40.387007325026403 ], [ -74.766329749992792, 40.387008750045261 ], [ -74.76635927499099, 40.38701017505656 ], [ -74.766388799990381, 40.38701160006034 ], [ -74.76641832499098, 40.387013025056575 ], [ -74.766447849992787, 40.387014450045264 ], [ -74.766477374995787, 40.387015875026407 ], [ -74.7665069, 40.3870173 ], [ -74.766536909512141, 40.387018661982694 ], [ -74.766566919025465, 40.387020023957575 ], [ -74.766596928539926, 40.387021385924676 ], [ -74.76662693805558, 40.387022747883989 ], [ -74.766656947572386, 40.387024109835494 ], [ -74.766686957090371, 40.387025471779211 ], [ -74.766716966609508, 40.387026833715147 ], [ -74.766746976129824, 40.387028195643275 ], [ -74.766776985651305, 40.387029557563622 ], [ -74.766806995173937, 40.387030919476167 ], [ -74.766837004697763, 40.387032281380939 ], [ -74.76686701422274, 40.38703364327791 ], [ -74.766897023748868, 40.387035005167085 ], [ -74.76692703327619, 40.387036367048466 ], [ -74.766957042804663, 40.387037728922067 ], [ -74.766987052334301, 40.387039090787859 ], [ -74.767017061865118, 40.387040452645877 ], [ -74.767047071397087, 40.387041814496094 ], [ -74.767077080930221, 40.387043176338516 ], [ -74.767107090464535, 40.387044538173164 ], [ -74.7671371, 40.3870459 ], [ -74.767165977398889, 40.387047176508403 ], [ -74.767194854798802, 40.387048453009598 ], [ -74.767223732199795, 40.38704972950358 ], [ -74.767252609601826, 40.387051005990344 ], [ -74.767281487004908, 40.387052282469888 ], [ -74.767310364409042, 40.38705355894222 ], [ -74.767339241814213, 40.387054835407355 ], [ -74.767368119220464, 40.387056111865256 ], [ -74.767396996627738, 40.387057388315938 ], [ -74.767425874036078, 40.387058664759408 ], [ -74.76745475144547, 40.387059941195673 ], [ -74.767483628855899, 40.387061217624719 ], [ -74.767512506267394, 40.387062494046553 ], [ -74.767541383679927, 40.387063770461168 ], [ -74.767570261093525, 40.387065046868564 ], [ -74.767599138305684, 40.387066325940538 ], [ -74.767628015227459, 40.387067608850693 ], [ -74.767656892150285, 40.38706889175365 ], [ -74.767685769074163, 40.387070174649388 ], [ -74.767714645999121, 40.387071457537907 ], [ -74.767743522925116, 40.387072740419228 ], [ -74.767772399852163, 40.387074023293316 ], [ -74.767801276780276, 40.387075306160192 ], [ -74.76783015370944, 40.38707658901987 ], [ -74.767859030639656, 40.387077871872314 ], [ -74.767887907570938, 40.387079154717547 ], [ -74.767916784503271, 40.387080437555575 ], [ -74.76794566143667, 40.387081720386377 ], [ -74.767974538371121, 40.387083003209973 ], [ -74.768003415306623, 40.387084286026344 ], [ -74.768032292243191, 40.387085568835509 ], [ -74.768061169180797, 40.387086851637449 ], [ -74.768090046119482, 40.387088134432183 ], [ -74.768118923059205, 40.387089417219698 ], [ -74.7681478, 40.3870907 ] ] } },
{ "type": "Feature", "properties": { "kind": "kerb", "name": "Louellen Street", "municipality": "Hopewell Borough", "length_ft": 533.78, "decision": null, "traced_kerb_ft": null, "kerb_coverage": null, "crossings": null, "side": "right", "source": "OSM tracing", "start_ft": 3.02, "end_ft": 536.8, "way_ids": "1546755078,1546755075,1546755074,1546773313,1547974221", "station_ft": null }, "geometry": { "type": "LineString", "coordinates": [ [ -74.7659458, 40.387122 ], [ -74.7659967, 40.3871124 ], [ -74.7660288, 40.3871135 ], [ -74.766062674998395, 40.387114625014895 ], [ -74.766096549997854, 40.387115750019852 ], [ -74.76613042499838, 40.38711687501489 ], [ -74.7661643, 40.387118 ], [ -74.766194357136698, 40.387119114336514 ], [ -74.766224414274333, 40.387120228665218 ], [ -74.766254471412921, 40.387121342986099 ], [ -74.766284528552461, 40.387122457299164 ], [ -74.766314585692953, 40.387123571604427 ], [ -74.766344642834383, 40.387124685901867 ], [ -74.76637469997678, 40.387125800191484 ], [ -74.7664047571201, 40.387126914473292 ], [ -74.766434814264372, 40.387128028747284 ], [ -74.76646487140961, 40.387129143013468 ], [ -74.766494928555787, 40.387130257271828 ], [ -74.766524985702901, 40.387131371522358 ], [ -74.766555042850968, 40.387132485765093 ], [ -74.7665851, 40.387133600000013 ], [ -74.766614163616481, 40.387134722884397 ], [ -74.766643227233871, 40.387135845761478 ], [ -74.766672290852185, 40.38713696863126 ], [ -74.766701354471437, 40.387138091493718 ], [ -74.766730418091598, 40.387139214348878 ], [ -74.766759481712697, 40.387140337196733 ], [ -74.76678854533472, 40.38714146003727 ], [ -74.766817608957666, 40.387142582870524 ], [ -74.766846672581551, 40.387143705696445 ], [ -74.766875736206345, 40.387144828515069 ], [ -74.766904799832062, 40.387145951326382 ], [ -74.766933863458704, 40.387147074130382 ], [ -74.766962927086283, 40.387148196927072 ], [ -74.766991990714786, 40.387149319716478 ], [ -74.767021054344212, 40.387150442498559 ], [ -74.767050117974549, 40.387151565273321 ], [ -74.767079181605837, 40.387152688040793 ], [ -74.767108245238035, 40.38715381080096 ], [ -74.76713730887117, 40.387154933553795 ], [ -74.767166372505216, 40.387156056299347 ], [ -74.767195436140184, 40.38715717903758 ], [ -74.767224499776091, 40.387158301768508 ], [ -74.767253563412922, 40.387159424492125 ], [ -74.767282627050662, 40.387160547208431 ], [ -74.767311690689354, 40.387161669917433 ], [ -74.767340754328941, 40.387162792619144 ], [ -74.767369817969481, 40.387163915313522 ], [ -74.76739888161093, 40.387165038000596 ], [ -74.767427945253303, 40.387166160680373 ], [ -74.767457008896614, 40.387167283352838 ], [ -74.767486072540848, 40.387168406017992 ], [ -74.767515136185992, 40.387169528675848 ], [ -74.767544199832074, 40.387170651326386 ], [ -74.767573263479079, 40.387171773969605 ], [ -74.767602327127008, 40.387172896605549 ], [ -74.767631390775861, 40.387174019234145 ], [ -74.767660454425652, 40.387175141855472 ], [ -74.767689518076338, 40.387176264469467 ], [ -74.767718581727976, 40.387177387076157 ], [ -74.767747645380524, 40.38717850967555 ], [ -74.76777670903401, 40.387179632267625 ], [ -74.767805772688405, 40.387180754852395 ], [ -74.767834836343738, 40.38718187742986 ], [ -74.7678639, 40.387183 ] ] } },
{ "type": "Feature", "properties": { "kind": "crossing", "name": "Louellen Street", "municipality": "Hopewell Borough", "length_ft": null, "decision": null, "traced_kerb_ft": null, "kerb_coverage": null, "crossings": null, "side": null, "source": null, "start_ft": null, "end_ft": null, "way_ids": null, "station_ft": 0.0 }, "geometry": { "type": "Point", "coordinates": [ -74.7659448, 40.3870407 ] } },
{ "type": "Feature", "properties": { "kind": "crossing", "name": "Louellen Street", "municipality": "Hopewell Borough", "length_ft": null, "decision": null, "traced_kerb_ft": null, "kerb_coverage": null, "crossings": null, "side": null, "source": null, "start_ft": null, "end_ft": null, "way_ids": null, "station_ft": 660.93 }, "geometry": { "type": "Point", "coordinates": [ -74.768313001633217, 40.387152000088157 ] } },
{ "type": "Feature", "properties": { "kind": "crossing", "name": "Louellen Street", "municipality": "Hopewell Borough", "length_ft": null, "decision": null, "traced_kerb_ft": null, "kerb_coverage": null, "crossings": null, "side": null, "source": null, "start_ft": null, "end_ft": null, "way_ids": null, "station_ft": 1099.9 }, "geometry": { "type": "Point", "coordinates": [ -74.769885287099399, 40.387233699401975 ] } },
{ "type": "Feature", "properties": { "kind": "crossing", "name": "Louellen Street", "municipality": "Hopewell Borough", "length_ft": null, "decision": null, "traced_kerb_ft": null, "kerb_coverage": null, "crossings": null, "side": null, "source": null, "start_ft": null, "end_ft": null, "way_ids": null, "station_ft": 1160.43 }, "geometry": { "type": "Point", "coordinates": [ -74.770102182804067, 40.387243899191361 ] } },
{ "type": "Feature", "properties": { "kind": "crossing", "name": "Louellen Street", "municipality": "Hopewell Borough", "length_ft": null, "decision": null, "traced_kerb_ft": null, "kerb_coverage": null, "crossings": null, "side": null, "source": null, "start_ft": null, "end_ft": null, "way_ids": null, "station_ft": 2714.47 }, "geometry": { "type": "Point", "coordinates": [ -74.775673784198844, 40.387463899358451 ] } },
{ "type": "Feature", "properties": { "kind": "crossing", "name": "Louellen Street", "municipality": "Hopewell Borough", "length_ft": null, "decision": null, "traced_kerb_ft": null, "kerb_coverage": null, "crossings": null, "side": null, "source": null, "start_ft": null, "end_ft": null, "way_ids": null, "station_ft": 2770.7 }, "geometry": { "type": "Point", "coordinates": [ -74.7758754, 40.3874715 ] } },
{ "type": "Feature", "properties": { "kind": "street", "name": "Maple Street", "municipality": "Hopewell Borough", "length_ft": 1256.2, "decision": null, "traced_kerb_ft": 203.64, "kerb_coverage": 0.0811, "crossings": 4.0, "side": null, "source": null, "start_ft": null, "end_ft": null, "way_ids": null, "station_ft": null }, "geometry": { "type": "LineString", "coordinates": [ [ -74.756482, 40.39204 ], [ -74.7564575, 40.391984 ], [ -74.7564019, 40.3918571 ], [ -74.7563125, 40.3916531 ], [ -74.756281, 40.3915791 ], [ -74.7562238, 40.3914504 ], [ -74.7562147, 40.39143 ], [ -74.7561475, 40.3912767 ], [ -74.7561354, 40.39124910000001 ], [ -74.7561213, 40.391217 ], [ -74.7559908, 40.3909158 ], [ -74.7559645, 40.3908461 ], [ -74.7559392, 40.3907645 ], [ -74.7559308, 40.3907372 ], [ -74.7558969, 40.3906133 ], [ -74.755689500000017, 40.3897477 ], [ -74.7556778, 40.389693800000011 ], [ -74.7556665, 40.389639 ], [ -74.7555876, 40.3892891 ], [ -74.7554686, 40.388772 ], [ -74.7554604, 40.3887519 ], [ -74.7554354, 40.3886941 ] ] } },
{ "type": "Feature", "properties": { "kind": "kerb", "name": "Maple Street", "municipality": "Hopewell Borough", "length_ft": 9.14, "decision": null, "traced_kerb_ft": null, "kerb_coverage": null, "crossings": null, "side": "left", "source": "OSM tracing", "start_ft": 426.46, "end_ft": 435.6, "way_ids": "1550469728,1550469729,1550469727", "station_ft": null }, "geometry": { "type": "LineString", "coordinates": [ [ -74.7559381, 40.3909445 ], [ -74.7559118, 40.3909309 ], [ -74.755843557182629, 40.390938385759057 ], [ -74.7558718, 40.39093110000001 ] ] } },
{ "type": "Feature", "properties": { "kind": "kerb", "name": "Maple Street", "municipality": "Hopewell Borough", "length_ft": 137.48, "decision": null, "traced_kerb_ft": null, "kerb_coverage": null, "crossings": null, "side": "left", "source": "OSM tracing", "start_ft": 474.56, "end_ft": 612.04, "way_ids": "1550469735,1550469733,1550469736", "station_ft": null }, "geometry": { "type": "LineString", "coordinates": [ [ -74.75580616062031, 40.39082864069411 ], [ -74.755833440419281, 40.390821560469149 ], [ -74.755860720212524, 40.3908144802378 ], [ -74.755888, 40.3908074 ], [ -74.755899110198996, 40.390784034876063 ], [ -74.7558976, 40.3907588 ], [ -74.755890611576248, 40.390736045461523 ], [ -74.75588362315726, 40.390713290922513 ], [ -74.755876634743004, 40.390690536382984 ], [ -74.75586964633348, 40.390667781842915 ], [ -74.755862657928702, 40.390645027302334 ], [ -74.755855777032821, 40.390622255500276 ], [ -74.755850204890322, 40.390599273564042 ], [ -74.755844632751646, 40.39057629162744 ], [ -74.755839060616808, 40.390553309690461 ], [ -74.755833488485791, 40.390530327753112 ], [ -74.755827916358598, 40.390507345815379 ], [ -74.755822344235241, 40.390484363877292 ], [ -74.755816772115708, 40.390461381938835 ], [ -74.7558112, 40.3904384 ] ] } },
{ "type": "Feature", "properties": { "kind": "kerb", "name": "Maple Street", "municipality": "Hopewell Borough", "length_ft": 13.76, "decision": null, "traced_kerb_ft": null, "kerb_coverage": null, "crossings": null, "side": "right", "source": "OSM tracing", "start_ft": 428.68, "end_ft": 442.44, "way_ids": "1550469730,1550469732,1550469731,1547355650", "station_ft": null }, "geometry": { "type": "LineString", "coordinates": [ [ -74.7560474, 40.3909104 ], [ -74.7560491, 40.3908932 ], [ -74.7560707, 40.3908694 ], [ -74.756120986424904, 40.390856586432648 ] ] } },
{ "type": "Feature", "properties": { "kind": "kerb", "name": "Maple Street", "municipality": "Hopewell Borough", "length_ft": 43.25, "decision": null, "traced_kerb_ft": null, "kerb_coverage": null, "crossings": null, "side": "right", "source": "OSM tracing", "start_ft": 480.0, "end_ft": 523.26, "way_ids": "1550469724,1550469725,1547355656,1550469726", "station_ft": null }, "geometry": { "type": "LineString", "coordinates": [ [ -74.7560234, 40.3907739 ], [ -74.7560539, 40.3907671 ], [ -74.756082420043853, 40.390759713382508 ], [ -74.7559915, 40.3907524 ], [ -74.75598342952469, 40.390730467296905 ], [ -74.755976991823104, 40.390708223201344 ], [ -74.755970645909443, 40.390685961600894 ], [ -74.7559643, 40.390663700000012 ] ] } },
{ "type": "Feature", "properties": { "kind": "crossing", "name": "Maple Street", "municipality": "Hopewell Borough", "length_ft": null, "decision": null, "traced_kerb_ft": null, "kerb_coverage": null, "crossings": null, "side": null, "source": null, "start_ft": null, "end_ft": null, "way_ids": null, "station_ft": 0.0 }, "geometry": { "type": "Point", "coordinates": [ -74.756482, 40.39204 ] } },
{ "type": "Feature", "properties": { "kind": "crossing", "name": "Maple Street", "municipality": "Hopewell Borough", "length_ft": null, "decision": null, "traced_kerb_ft": null, "kerb_coverage": null, "crossings": null, "side": null, "source": null, "start_ft": null, "end_ft": null, "way_ids": null, "station_ft": 458.2 }, "geometry": { "type": "Point", "coordinates": [ -74.755964497361418, 40.390846091489777 ] } },
{ "type": "Feature", "properties": { "kind": "crossing", "name": "Maple Street", "municipality": "Hopewell Borough", "length_ft": null, "decision": null, "traced_kerb_ft": null, "kerb_coverage": null, "crossings": null, "side": null, "source": null, "start_ft": null, "end_ft": null, "way_ids": null, "station_ft": 885.54 }, "geometry": { "type": "Point", "coordinates": [ -74.755677801050453, 40.389693804839247 ] } },
{ "type": "Feature", "properties": { "kind": "crossing", "name": "Maple Street", "municipality": "Hopewell Borough", "length_ft": null, "decision": null, "traced_kerb_ft": null, "kerb_coverage": null, "crossings": null, "side": null, "source": null, "start_ft": null, "end_ft": null, "way_ids": null, "station_ft": 1256.2 }, "geometry": { "type": "Point", "coordinates": [ -74.7554354, 40.3886941 ] } },
{ "type": "Feature", "properties": { "kind": "street", "name": "Mercer Street", "municipality": "Hopewell Borough", "length_ft": 679.88, "decision": null, "traced_kerb_ft": 215.56, "kerb_coverage": 0.1585, "crossings": 2.0, "side": null, "source": null, "start_ft": null, "end_ft": null, "way_ids": null, "station_ft": null }, "geometry": { "type": "LineString", "coordinates": [ [ -74.7651691, 40.38746720000001 ], [ -74.7652241, 40.3875258 ], [ -74.7652435, 40.3875452 ], [ -74.7653183, 40.3876262 ], [ -74.7654712, 40.3877859 ], [ -74.7660144, 40.3883496 ], [ -74.7665638, 40.3889217 ], [ -74.7665781, 40.3889365 ], [ -74.7666129, 40.388972 ] ] } },
{ "type": "Feature", "properties": { "kind": "kerb", "name": "Mercer Street", "municipality": "Hopewell Borough", "length_ft": 204.46, "decision": null, "traced_kerb_ft": null, "kerb_coverage": null, "crossings": null, "side": "left", "source": "OSM tracing", "start_ft": 19.76, "end_ft": 224.22, "way_ids": "1547330255,1547330257,1547330258", "station_ft": null }, "geometry": { "type": "LineString", "coordinates": [ [ -74.765295817242233, 40.387464422944589 ], [ -74.7652729, 40.3874799 ], [ -74.7652726, 40.387503 ], [ -74.765287837006625, 40.387522086707762 ], [ -74.76530543651721, 40.387540115495938 ], [ -74.765323036037202, 40.387558144281357 ], [ -74.765340635566574, 40.387576173064012 ], [ -74.765358235105367, 40.387594201843903 ], [ -74.76537583465354, 40.387612230621023 ], [ -74.765393322537861, 40.387630322819426 ], [ -74.765410809372426, 40.387648415616596 ], [ -74.765428296216371, 40.387666508411023 ], [ -74.76544578306968, 40.38768460120275 ], [ -74.765463269932368, 40.387702693991741 ], [ -74.765480756804422, 40.387720786777983 ], [ -74.76549824368584, 40.387738879561503 ], [ -74.765515730576652, 40.387756972342295 ], [ -74.765533217476815, 40.387775065120358 ], [ -74.765550704386357, 40.387793157895693 ], [ -74.765568191305263, 40.387811250668285 ], [ -74.765585678233549, 40.387829343438135 ], [ -74.765603165171186, 40.387847436205284 ], [ -74.765620652118216, 40.387865528969691 ], [ -74.765638139074596, 40.387883621731348 ], [ -74.765655626040356, 40.387901714490305 ], [ -74.765673113015495, 40.387919807246519 ], [ -74.7656906, 40.3879379 ] ] } },
{ "type": "Feature", "properties": { "kind": "kerb", "name": "Mercer Street", "municipality": "Hopewell Borough", "length_ft": 11.1, "decision": null, "traced_kerb_ft": null, "kerb_coverage": null, "crossings": null, "side": "right", "source": "OSM tracing", "start_ft": 19.84, "end_ft": 30.93, "way_ids": "1547330259,1547330260", "station_ft": null }, "geometry": { "type": "LineString", "coordinates": [ [ -74.7651287, 40.3875564 ], [ -74.765161512888966, 40.387544346177151 ], [ -74.7651904, 40.3875616 ] ] } },
{ "type": "Feature", "properties": { "kind": "crossing", "name": "Mercer Street", "municipality": "Hopewell Borough", "length_ft": null, "decision": null, "traced_kerb_ft": null, "kerb_coverage": null, "crossings": null, "side": null, "source": null, "start_ft": null, "end_ft": null, "way_ids": null, "station_ft": 0.0 }, "geometry": { "type": "Point", "coordinates": [ -74.7651691, 40.38746720000001 ] } },
{ "type": "Feature", "properties": { "kind": "crossing", "name": "Mercer Street", "municipality": "Hopewell Borough", "length_ft": null, "decision": null, "traced_kerb_ft": null, "kerb_coverage": null, "crossings": null, "side": null, "source": null, "start_ft": null, "end_ft": null, "way_ids": null, "station_ft": 679.88 }, "geometry": { "type": "Point", "coordinates": [ -74.7666129, 40.388972 ] } },
{ "type": "Feature", "properties": { "kind": "street", "name": "Model Avenue", "municipality": "Hopewell Borough", "length_ft": 2272.01, "decision": null, "traced_kerb_ft": 0.0, "kerb_coverage": 0.0, "crossings": 4.0, "side": null, "source": null, "start_ft": null, "end_ft": null, "way_ids": null, "station_ft": null }, "geometry": { "type": "LineString", "coordinates": [ [ -74.763184, 40.390788699999987 ], [ -74.7632422, 40.3907603 ], [ -74.7632687, 40.3907461 ], [ -74.7643798, 40.39015160000001 ], [ -74.7644474, 40.3901155 ], [ -74.7645934, 40.3900374 ], [ -74.7647628, 40.389953 ], [ -74.7648077, 40.38993 ], [ -74.7653454, 40.3896454 ], [ -74.7666129, 40.388972 ], [ -74.7678683, 40.3883122 ], [ -74.7680501, 40.3882168 ], [ -74.7690461, 40.3876987 ], [ -74.769336, 40.3875461 ], [ -74.7697341, 40.3873243 ], [ -74.7698853, 40.38723370000001 ] ] } },
{ "type": "Feature", "properties": { "kind": "crossing", "name": "Model Avenue", "municipality": "Hopewell Borough", "length_ft": null, "decision": null, "traced_kerb_ft": null, "kerb_coverage": null, "crossings": null, "side": null, "source": null, "start_ft": null, "end_ft": null, "way_ids": null, "station_ft": 0.0 }, "geometry": { "type": "Point", "coordinates": [ -74.763184, 40.390788699999987 ] } },
{ "type": "Feature", "properties": { "kind": "crossing", "name": "Model Avenue", "municipality": "Hopewell Borough", "length_ft": null, "decision": null, "traced_kerb_ft": null, "kerb_coverage": null, "crossings": null, "side": null, "source": null, "start_ft": null, "end_ft": null, "way_ids": null, "station_ft": 534.88 }, "geometry": { "type": "Point", "coordinates": [ -74.76476278936623, 40.389953005298068 ] } },
{ "type": "Feature", "properties": { "kind": "crossing", "name": "Model Avenue", "municipality": "Hopewell Borough", "length_ft": null, "decision": null, "traced_kerb_ft": null, "kerb_coverage": null, "crossings": null, "side": null, "source": null, "start_ft": null, "end_ft": null, "way_ids": null, "station_ft": 1161.99 }, "geometry": { "type": "Point", "coordinates": [ -74.766612894365323, 40.388972002993668 ] } },
{ "type": "Feature", "properties": { "kind": "crossing", "name": "Model Avenue", "municipality": "Hopewell Borough", "length_ft": null, "decision": null, "traced_kerb_ft": null, "kerb_coverage": null, "crossings": null, "side": null, "source": null, "start_ft": null, "end_ft": null, "way_ids": null, "station_ft": 2272.01 }, "geometry": { "type": "Point", "coordinates": [ -74.769885296558797, 40.387233702062005 ] } },
{ "type": "Feature", "properties": { "kind": "street", "name": "Newell Place", "municipality": "Hopewell Borough", "length_ft": 310.92, "decision": null, "traced_kerb_ft": 0.0, "kerb_coverage": 0.0, "crossings": 1.0, "side": null, "source": null, "start_ft": null, "end_ft": null, "way_ids": null, "station_ft": null }, "geometry": { "type": "LineString", "coordinates": [ [ -74.7679671, 40.3909343 ], [ -74.7679261, 40.3908845 ], [ -74.7679153, 40.390870400000011 ], [ -74.7674001, 40.3901991 ] ] } },
{ "type": "Feature", "properties": { "kind": "crossing", "name": "Newell Place", "municipality": "Hopewell Borough", "length_ft": null, "decision": null, "traced_kerb_ft": null, "kerb_coverage": null, "crossings": null, "side": null, "source": null, "start_ft": null, "end_ft": null, "way_ids": null, "station_ft": 0.0 }, "geometry": { "type": "Point", "coordinates": [ -74.7679671, 40.3909343 ] } },
{ "type": "Feature", "properties": { "kind": "street", "name": "Pierson Place", "municipality": "Hopewell Borough", "length_ft": 311.26, "decision": null, "traced_kerb_ft": 0.0, "kerb_coverage": 0.0, "crossings": 1.0, "side": null, "source": null, "start_ft": null, "end_ft": null, "way_ids": null, "station_ft": null }, "geometry": { "type": "LineString", "coordinates": [ [ -74.766932600000018, 40.3914334 ], [ -74.766884, 40.3913758 ], [ -74.766874, 40.3913635 ], [ -74.7664293, 40.3908144 ], [ -74.766390900000019, 40.3906923 ] ] } },
{ "type": "Feature", "properties": { "kind": "crossing", "name": "Pierson Place", "municipality": "Hopewell Borough", "length_ft": null, "decision": null, "traced_kerb_ft": null, "kerb_coverage": null, "crossings": null, "side": null, "source": null, "start_ft": null, "end_ft": null, "way_ids": null, "station_ft": 0.0 }, "geometry": { "type": "Point", "coordinates": [ -74.766932600000018, 40.3914334 ] } },
{ "type": "Feature", "properties": { "kind": "street", "name": "Princeton Avenue", "municipality": "Hopewell Borough", "length_ft": 1579.04, "decision": "CorridorCalming", "traced_kerb_ft": 2213.52, "kerb_coverage": 0.7009, "crossings": 6.0, "side": null, "source": null, "start_ft": null, "end_ft": null, "way_ids": null, "station_ft": null }, "geometry": { "type": "LineString", "coordinates": [ [ -74.7583397, 40.3902329 ], [ -74.7583057, 40.3901608 ], [ -74.7582781, 40.3901107 ], [ -74.7582658, 40.3900884 ], [ -74.758077300000011, 40.3897462 ], [ -74.7580387, 40.3896762 ], [ -74.757987700000015, 40.3895833 ], [ -74.7579693, 40.3895497 ], [ -74.7579552, 40.389524 ], [ -74.7578854, 40.3893968 ], [ -74.7577932, 40.3892288 ], [ -74.7577601, 40.3891689 ], [ -74.7577332, 40.38912 ], [ -74.757573800000017, 40.3888326 ], [ -74.7574929, 40.3886868 ], [ -74.7574107, 40.3885385 ], [ -74.7572458, 40.3882413 ], [ -74.7572159, 40.3881873 ], [ -74.757183600000019, 40.3881244 ], [ -74.756983, 40.3877576 ], [ -74.756907500000011, 40.3876196 ], [ -74.756808, 40.3874449 ], [ -74.7566991, 40.3872512 ], [ -74.7566378, 40.3871404 ], [ -74.7564419, 40.3867861 ], [ -74.75635, 40.38662 ], [ -74.7562772, 40.3864879 ], [ -74.756149, 40.3862352 ] ] } },
{ "type": "Feature", "properties": { "kind": "kerb", "name": "Princeton Avenue", "municipality": "Hopewell Borough", "length_ft": 226.1, "decision": null, "traced_kerb_ft": null, "kerb_coverage": null, "crossings": null, "side": "left", "source": "OSM tracing", "start_ft": 19.6, "end_ft": 245.69, "way_ids": "1546751155,1546751156,1546607276,1546751152,1546751153,1546804852,1547367515", "station_ft": null }, "geometry": { "type": "LineString", "coordinates": [ [ -74.7582023, 40.3902136 ], [ -74.758232, 40.3901942 ], [ -74.7582375, 40.390170500000011 ], [ -74.7582306, 40.3901292 ], [ -74.758216679862471, 40.390102939568045 ], [ -74.758202789788058, 40.39007666982755 ], [ -74.7581889, 40.3900504 ], [ -74.758177387447091, 40.390029768759319 ], [ -74.758165874901252, 40.390009137517389 ], [ -74.758154362362447, 40.3899885062742 ], [ -74.758142849830719, 40.389967875029789 ], [ -74.758131337306025, 40.38994724378415 ], [ -74.758119824788395, 40.389926612537259 ], [ -74.758108312277813, 40.389905981289111 ], [ -74.758096799774293, 40.389885350039727 ], [ -74.758085287277822, 40.389864718789106 ], [ -74.7580737747884, 40.389844087537242 ], [ -74.758062262306026, 40.389823456284141 ], [ -74.758050749830716, 40.389802825029804 ], [ -74.758039237362453, 40.389782193774217 ], [ -74.758027724901254, 40.389761562517386 ], [ -74.758016212447089, 40.389740931259311 ], [ -74.7580047, 40.3897203 ], [ -74.757991574986193, 40.389696700002418 ], [ -74.757978449981607, 40.389673100003236 ], [ -74.757965324986202, 40.389649500002434 ], [ -74.7579522, 40.3896259 ] ] } },
{ "type": "Feature", "properties": { "kind": "kerb", "name": "Princeton Avenue", "municipality": "Hopewell Borough", "length_ft": 68.36, "decision": null, "traced_kerb_ft": null, "kerb_coverage": null, "crossings": null, "side": "left", "source": "OSM tracing", "start_ft": 340.1, "end_ft": 408.46, "way_ids": "1546743341,1546605748,1546743343", "station_ft": null }, "geometry": { "type": "LineString", "coordinates": [ [ -74.7578208, 40.389387 ], [ -74.757808197343465, 40.389364076690292 ], [ -74.75779559469548, 40.389341153379107 ], [ -74.757782992056093, 40.389318230066429 ], [ -74.757770389425275, 40.38929530675226 ], [ -74.75775778680304, 40.389272383436591 ], [ -74.7577439, 40.38925 ], [ -74.757719743704186, 40.389231855884951 ], [ -74.7576853, 40.389230499999989 ], [ -74.7576419, 40.3892412 ] ] } },
{ "type": "Feature", "properties": { "kind": "kerb", "name": "Princeton Avenue", "municipality": "Hopewell Borough", "length_ft": 153.81, "decision": null, "traced_kerb_ft": null, "kerb_coverage": null, "crossings": null, "side": "left", "source": "OSM tracing", "start_ft": 434.83, "end_ft": 588.64, "way_ids": "1546605749,1546751757,1546751759,1546751758", "station_ft": null }, "geometry": { "type": "LineString", "coordinates": [ [ -74.7576328, 40.38916540000001 ], [ -74.757604728610502, 40.38917260004424 ], [ -74.7576716, 40.3891248 ], [ -74.757660581784236, 40.389104063642094 ], [ -74.757649563575285, 40.389083327283025 ], [ -74.757638545373098, 40.38906259092284 ], [ -74.757627527177718, 40.389041854561491 ], [ -74.757616508989102, 40.389021118198997 ], [ -74.757605490807293, 40.389000381835359 ], [ -74.757594472632263, 40.388979645470577 ], [ -74.757583454464012, 40.388958909104666 ], [ -74.757572436302567, 40.388938172737582 ], [ -74.757561418147887, 40.388917436369375 ], [ -74.7575504, 40.3888967 ], [ -74.757537899978573, 40.38887360000367 ], [ -74.757525399965701, 40.388850500005887 ], [ -74.757512899961412, 40.388827400006619 ], [ -74.757500399965693, 40.388804300005887 ], [ -74.757487899978557, 40.388781200003677 ], [ -74.7574754, 40.3887581 ] ] } },
{ "type": "Feature", "properties": { "kind": "kerb", "name": "Princeton Avenue", "municipality": "Hopewell Borough", "length_ft": 127.13, "decision": null, "traced_kerb_ft": null, "kerb_coverage": null, "crossings": null, "side": "left", "source": "OSM tracing", "start_ft": 649.59, "end_ft": 776.73, "way_ids": "1550642011,1550642016,1550642015", "station_ft": null }, "geometry": { "type": "LineString", "coordinates": [ [ -74.7573891, 40.3886043 ], [ -74.757377821383812, 40.388583742864903 ], [ -74.75736654277452, 40.388563185728621 ], [ -74.757355264172105, 40.388542628591132 ], [ -74.757343985576583, 40.388522071452471 ], [ -74.757332706987938, 40.388501514312587 ], [ -74.757321428406172, 40.388480957171524 ], [ -74.757310149831312, 40.388460400029267 ], [ -74.757298871263316, 40.388439842885823 ], [ -74.757287592702227, 40.388419285741165 ], [ -74.757276314148001, 40.38839872859532 ], [ -74.757265035600682, 40.388378171448281 ], [ -74.757253757060241, 40.388357614300048 ], [ -74.757242478526678, 40.388337057150622 ], [ -74.7572312, 40.3883165 ], [ -74.7572084, 40.3882977 ], [ -74.7571755, 40.3882945 ] ] } },
{ "type": "Feature", "properties": { "kind": "kerb", "name": "Princeton Avenue", "municipality": "Hopewell Borough", "length_ft": 167.37, "decision": null, "traced_kerb_ft": null, "kerb_coverage": null, "crossings": null, "side": "left", "source": "OSM tracing", "start_ft": 803.15, "end_ft": 970.52, "way_ids": "1550642013,1550642014,1550642025,1550642026,1550642024", "station_ft": null }, "geometry": { "type": "LineString", "coordinates": [ [ -74.7571368, 40.3882282 ], [ -74.7571585, 40.3881964 ], [ -74.757149391601487, 40.388169065640916 ], [ -74.757134995795113, 40.388142732821436 ], [ -74.7571206, 40.3881164 ], [ -74.75710919997897, 40.388095700003667 ], [ -74.757097799964967, 40.388075000006111 ], [ -74.757086399957956, 40.388054300007326 ], [ -74.75707499995795, 40.388033600007326 ], [ -74.757063599964965, 40.388012900006103 ], [ -74.757052199978986, 40.387992200003666 ], [ -74.7570408, 40.3879715 ], [ -74.757029339985621, 40.387950380002472 ], [ -74.757017879978434, 40.387929260003702 ], [ -74.757006419978438, 40.387908140003717 ], [ -74.756994959985633, 40.387887020002474 ], [ -74.7569835, 40.3878659 ], [ -74.756969833323339, 40.387841266668424 ], [ -74.756956166656664, 40.387816633335085 ], [ -74.7569425, 40.387792 ] ] } },
{ "type": "Feature", "properties": { "kind": "kerb", "name": "Princeton Avenue", "municipality": "Hopewell Borough", "length_ft": 15.97, "decision": null, "traced_kerb_ft": null, "kerb_coverage": null, "crossings": null, "side": "left", "source": "OSM tracing", "start_ft": 1070.82, "end_ft": 1086.79, "way_ids": "1550642007,1550642006", "station_ft": null }, "geometry": { "type": "LineString", "coordinates": [ [ -74.7568012, 40.3875394 ], [ -74.7567804, 40.387522200000014 ], [ -74.7567456, 40.3875101 ] ] } },
{ "type": "Feature", "properties": { "kind": "kerb", "name": "Princeton Avenue", "municipality": "Hopewell Borough", "length_ft": 296.54, "decision": null, "traced_kerb_ft": null, "kerb_coverage": null, "crossings": null, "side": "left", "source": "OSM tracing", "start_ft": 1118.18, "end_ft": 1414.72, "way_ids": "1550642004,1550642005,1550642003,1550642002,1550642001,1550642000", "station_ft": null }, "geometry": { "type": "LineString", "coordinates": [ [ -74.7567053, 40.3874292 ], [ -74.7567183, 40.3874103 ], [ -74.7567214, 40.3873914 ], [ -74.756709419965162, 40.387369630006063 ], [ -74.756697439938051, 40.387347860010777 ], [ -74.7566854599187, 40.387326090014149 ], [ -74.756673479907064, 40.38730432001617 ], [ -74.756661499903188, 40.387282550016835 ], [ -74.756649519907072, 40.387260780016177 ], [ -74.756637539918685, 40.387239010014135 ], [ -74.756625559938044, 40.38721724001077 ], [ -74.756613579965148, 40.387195470006056 ], [ -74.7566016, 40.3871737 ], [ -74.7565799, 40.3871345 ], [ -74.756568458574648, 40.387113644823451 ], [ -74.756557017156368, 40.387092789645671 ], [ -74.756545575745179, 40.387071934466654 ], [ -74.756534134341067, 40.387051079286422 ], [ -74.756522692944046, 40.387030224104947 ], [ -74.756511251554116, 40.38700936892225 ], [ -74.756499810171263, 40.386988513738316 ], [ -74.756488368795488, 40.386967658553161 ], [ -74.756476927426817, 40.386946803366769 ], [ -74.756465486065224, 40.386925948179169 ], [ -74.756454044710722, 40.386905092990318 ], [ -74.756442603363311, 40.386884237800238 ], [ -74.756431162022963, 40.386863382608936 ], [ -74.756419720689721, 40.386842527416412 ], [ -74.756408279363555, 40.386821672222652 ], [ -74.756396838044466, 40.386800817027655 ], [ -74.756385396732483, 40.386779961831436 ], [ -74.756373955427577, 40.386759106633995 ], [ -74.756362514129748, 40.386738251435318 ], [ -74.756351072839024, 40.386717396235397 ], [ -74.75633952935371, 40.386696575089296 ], [ -74.7563217, 40.3866792 ], [ -74.756292, 40.38667860000001 ] ] } },
{ "type": "Feature", "properties": { "kind": "kerb", "name": "Princeton Avenue", "municipality": "Hopewell Borough", "length_ft": 135.57, "decision": null, "traced_kerb_ft": null, "kerb_coverage": null, "crossings": null, "side": "left", "source": "OSM tracing", "start_ft": 1441.46, "end_ft": 1577.02, "way_ids": "1550641999,1550641998", "station_ft": null }, "geometry": { "type": "LineString", "coordinates": [ [ -74.7562614, 40.386608699999989 ], [ -74.7562726, 40.3865927 ], [ -74.756269221386972, 40.386570416450695 ], [ -74.756257706577784, 40.386549502029361 ], [ -74.756246191775745, 40.386528587606762 ], [ -74.756234676980867, 40.38650767318294 ], [ -74.756223162193123, 40.386486758757876 ], [ -74.756211647412542, 40.386465844331568 ], [ -74.756200132639094, 40.386444929904002 ], [ -74.756188617872823, 40.386424015475207 ], [ -74.756177103113686, 40.386403101045154 ], [ -74.756165588361711, 40.386382186613872 ], [ -74.756154073616884, 40.386361272181325 ], [ -74.756142558879205, 40.386340357747557 ], [ -74.756131044148688, 40.38631944331253 ], [ -74.756119529425305, 40.386298528876267 ], [ -74.756108014709071, 40.386277614438747 ], [ -74.7560965, 40.3862567 ] ] } },
{ "type": "Feature", "properties": { "kind": "kerb", "name": "Princeton Avenue", "municipality": "Hopewell Borough", "length_ft": 183.47, "decision": null, "traced_kerb_ft": null, "kerb_coverage": null, "crossings": null, "side": "right", "source": "OSM tracing", "start_ft": 18.76, "end_ft": 202.23, "way_ids": "1546751148,1546607274,1546751151,1546804853,1547367516", "station_ft": null }, "geometry": { "type": "LineString", "coordinates": [ [ -74.758441861226871, 40.390149976490058 ], [ -74.758376245399148, 40.390163702365165 ], [ -74.7583577, 40.3901429 ], [ -74.758344932405919, 40.390120640271924 ], [ -74.758332429185117, 40.390098294043852 ], [ -74.75832018611527, 40.390075862697316 ], [ -74.758307943053552, 40.390053431349358 ], [ -74.7582957, 40.390031 ], [ -74.758283723030928, 40.390009446161919 ], [ -74.758271746069525, 40.389987892322495 ], [ -74.758259769115767, 40.389966338481706 ], [ -74.758247792169698, 40.389944784639589 ], [ -74.758235815231288, 40.389923230796121 ], [ -74.758223838300538, 40.389901676951325 ], [ -74.758211861377461, 40.389880123105165 ], [ -74.758199884462059, 40.389858569257676 ], [ -74.758187907554301, 40.389837015408823 ], [ -74.758175930654232, 40.389815461558641 ], [ -74.758163953761823, 40.389793907707094 ], [ -74.758151976877073, 40.389772353854234 ], [ -74.75814, 40.3897508 ], [ -74.758125905122284, 40.389727393729686 ], [ -74.7581143, 40.3897032 ] ] } },
{ "type": "Feature", "properties": { "kind": "kerb", "name": "Princeton Avenue", "municipality": "Hopewell Borough", "length_ft": 47.69, "decision": null, "traced_kerb_ft": null, "kerb_coverage": null, "crossings": null, "side": "right", "source": "OSM tracing", "start_ft": 354.91, "end_ft": 402.6, "way_ids": "1546743342,1546653473,1546743346", "station_ft": null }, "geometry": { "type": "LineString", "coordinates": [ [ -74.757902500000014, 40.3893167 ], [ -74.757890376114148, 40.389293274660801 ], [ -74.757878252236722, 40.389269849320222 ], [ -74.757866128367738, 40.389246423978221 ], [ -74.757854, 40.389223 ], [ -74.757846702156101, 40.389196027907786 ], [ -74.757907716684755, 40.389174600019984 ], [ -74.7578773, 40.3891826 ] ] } },
{ "type": "Feature", "properties": { "kind": "kerb", "name": "Princeton Avenue", "municipality": "Hopewell Borough", "length_ft": 55.73, "decision": null, "traced_kerb_ft": null, "kerb_coverage": null, "crossings": null, "side": "right", "source": "OSM tracing", "start_ft": 428.45, "end_ft": 484.18, "way_ids": "1546743345,1546605750,1546804847", "station_ft": null }, "geometry": { "type": "LineString", "coordinates": [ [ -74.757895560052773, 40.389099880060243 ], [ -74.757866030029675, 40.389107390033885 ], [ -74.7578365, 40.3891149 ], [ -74.757797838661105, 40.3891198082476 ], [ -74.7577762, 40.3890981 ], [ -74.757765039985671, 40.389076500002368 ], [ -74.757753879978523, 40.389054900003543 ], [ -74.757742719978523, 40.38903330000354 ], [ -74.757731559985672, 40.389011700002357 ], [ -74.7577204, 40.3889901 ] ] } },
{ "type": "Feature", "properties": { "kind": "kerb", "name": "Princeton Avenue", "municipality": "Hopewell Borough", "length_ft": 84.76, "decision": null, "traced_kerb_ft": null, "kerb_coverage": null, "crossings": null, "side": "right", "source": "OSM tracing", "start_ft": 681.84, "end_ft": 766.6, "way_ids": "1550642017,1550642023,1550642022", "station_ft": null }, "geometry": { "type": "LineString", "coordinates": [ [ -74.7574451, 40.38849 ], [ -74.757433533304138, 40.388468744449483 ], [ -74.757421966615553, 40.388447488897697 ], [ -74.757410399934287, 40.388426233344653 ], [ -74.757398833260311, 40.388404977790358 ], [ -74.757387266593653, 40.388383722234806 ], [ -74.757375699934286, 40.388362466677989 ], [ -74.757364133282223, 40.388341211119915 ], [ -74.757352566637465, 40.38831995556059 ], [ -74.757341, 40.3882987 ], [ -74.7573427, 40.3882759 ], [ -74.7573651, 40.3882632 ] ] } },
{ "type": "Feature", "properties": { "kind": "kerb", "name": "Princeton Avenue", "municipality": "Hopewell Borough", "length_ft": 328.74, "decision": null, "traced_kerb_ft": null, "kerb_coverage": null, "crossings": null, "side": "right", "source": "OSM tracing", "start_ft": 794.75, "end_ft": 1123.5, "way_ids": "1550642021,1550642012,1550642020,1550642019,1550642018,1552407590,1552407591,1550642027", "station_ft": null }, "geometry": { "type": "LineString", "coordinates": [ [ -74.757361640013471, 40.388180440015908 ], [ -74.7573313, 40.3881879 ], [ -74.757292058317205, 40.388183559682687 ], [ -74.7572644, 40.3881616 ], [ -74.7572482, 40.3881317 ], [ -74.75723569999154, 40.38810890000147 ], [ -74.757223199991543, 40.388086100001466 ], [ -74.7572107, 40.3880633 ], [ -74.757199029930035, 40.388042050012139 ], [ -74.75718735986743, 40.388020800023014 ], [ -74.7571756898122, 40.387999550032603 ], [ -74.757164019764332, 40.387978300040913 ], [ -74.757152349723839, 40.387957050047945 ], [ -74.757140679690707, 40.387935800053704 ], [ -74.757129009664922, 40.387914550058177 ], [ -74.757117339646513, 40.387893300061371 ], [ -74.757105669635465, 40.387872050063287 ], [ -74.757093999631792, 40.38785080006393 ], [ -74.757082329635466, 40.387829550063294 ], [ -74.757070659646516, 40.38780830006138 ], [ -74.757058989664927, 40.387787050058179 ], [ -74.757047319690699, 40.387765800053714 ], [ -74.757035649723832, 40.387744550047962 ], [ -74.757023979764341, 40.387723300040925 ], [ -74.757012309812225, 40.387702050032601 ], [ -74.757000639867442, 40.38768080002302 ], [ -74.756988969930035, 40.387659550012152 ], [ -74.7569773, 40.387638300000013 ], [ -74.756961839717306, 40.387612532866093 ], [ -74.756947075509473, 40.38758653175951 ], [ -74.7569327, 40.3875604 ], [ -74.756926800000016, 40.3875519 ], [ -74.756914763784877, 40.387529432411654 ], [ -74.756902727577781, 40.387506964821945 ], [ -74.756890704857994, 40.387484493015947 ], [ -74.756878703870385, 40.387462014415469 ], [ -74.756866702890761, 40.387439535813641 ], [ -74.756854701919167, 40.387417057210456 ], [ -74.756842700955573, 40.3873945786059 ], [ -74.7568307, 40.3873721 ] ] } },
{ "type": "Feature", "properties": { "kind": "kerb", "name": "Princeton Avenue", "municipality": "Hopewell Borough", "length_ft": 255.1, "decision": null, "traced_kerb_ft": null, "kerb_coverage": null, "crossings": null, "side": "right", "source": "OSM tracing", "start_ft": 1210.39, "end_ft": 1465.49, "way_ids": "1552407592,1550642028,1550642029,1550642030,1552407595,1550642031,1552407596,1550642033", "station_ft": null }, "geometry": { "type": "LineString", "coordinates": [ [ -74.7567079, 40.3871531 ], [ -74.756695399982561, 40.387129620002952 ], [ -74.756682899973839, 40.387106140004427 ], [ -74.756670399973842, 40.387082660004431 ], [ -74.756657899982571, 40.387059180002957 ], [ -74.7566454, 40.3870357 ], [ -74.756632999979161, 40.387013066670278 ], [ -74.756620599966666, 40.386990433339108 ], [ -74.7566081999625, 40.386967800006502 ], [ -74.756595799966661, 40.386945166672447 ], [ -74.756583399979164, 40.38692253333695 ], [ -74.756571, 40.3868999 ], [ -74.756557099994822, 40.3868748500009 ], [ -74.7565432, 40.3868498 ], [ -74.7565263, 40.3868188 ], [ -74.756514000396407, 40.386798074379918 ], [ -74.756501700800385, 40.386777348758422 ], [ -74.756489678942359, 40.386756529385615 ], [ -74.756477939467544, 40.386735614693457 ], [ -74.7564662, 40.3867147 ], [ -74.756453566657854, 40.386691200001508 ], [ -74.756440933324527, 40.38666770000151 ], [ -74.7564283, 40.3866442 ], [ -74.756417376126265, 40.38661983576511 ], [ -74.756406446016754, 40.386595473167993 ], [ -74.756395497336584, 40.386571115446486 ], [ -74.756384548664329, 40.386546757723828 ], [ -74.7563736, 40.3865224 ], [ -74.7563989, 40.3864928 ] ] } },
{ "type": "Feature", "properties": { "kind": "kerb", "name": "Princeton Avenue", "municipality": "Hopewell Borough", "length_ft": 67.19, "decision": null, "traced_kerb_ft": null, "kerb_coverage": null, "crossings": null, "side": "right", "source": "OSM tracing", "start_ft": 1505.43, "end_ft": 1572.62, "way_ids": "1550642032", "station_ft": null }, "geometry": { "type": "LineString", "coordinates": [ [ -74.756305364695791, 40.386405549878432 ], [ -74.756288484745255, 40.386386706969546 ], [ -74.756275972041877, 40.3863655821321 ], [ -74.756263459346343, 40.386344457293198 ], [ -74.75625170337392, 40.386323080756355 ], [ -74.756240024680906, 40.386301678516247 ], [ -74.756228345995297, 40.386280276274853 ], [ -74.756216642877675, 40.386258881965119 ], [ -74.756204621435046, 40.386237590983228 ] ] } },
{ "type": "Feature", "properties": { "kind": "crossing", "name": "Princeton Avenue", "municipality": "Hopewell Borough", "length_ft": null, "decision": null, "traced_kerb_ft": null, "kerb_coverage": null, "crossings": null, "side": null, "source": null, "start_ft": null, "end_ft": null, "way_ids": null, "station_ft": 0.0 }, "geometry": { "type": "Point", "coordinates": [ -74.7583397, 40.3902329 ] } },
{ "type": "Feature", "properties": { "kind": "crossing", "name": "Princeton Avenue", "municipality": "Hopewell Borough", "length_ft": null, "decision": null, "traced_kerb_ft": null, "kerb_coverage": null, "crossings": null, "side": null, "source": null, "start_ft": null, "end_ft": null, "way_ids": null, "station_ft": 419.9 }, "geometry": { "type": "Point", "coordinates": [ -74.757760104821401, 40.389168908725154 ] } },
{ "type": "Feature", "properties": { "kind": "crossing", "name": "Princeton Avenue", "municipality": "Hopewell Borough", "length_ft": null, "decision": null, "traced_kerb_ft": null, "kerb_coverage": null, "crossings": null, "side": null, "source": null, "start_ft": null, "end_ft": null, "way_ids": null, "station_ft": 786.92 }, "geometry": { "type": "Point", "coordinates": [ -74.757245797916212, 40.388241296236622 ] } },
{ "type": "Feature", "properties": { "kind": "crossing", "name": "Princeton Avenue", "municipality": "Hopewell Borough", "length_ft": null, "decision": null, "traced_kerb_ft": null, "kerb_coverage": null, "crossings": null, "side": null, "source": null, "start_ft": null, "end_ft": null, "way_ids": null, "station_ft": 1101.63 }, "geometry": { "type": "Point", "coordinates": [ -74.756807999110194, 40.387444898417279 ] } },
{ "type": "Feature", "properties": { "kind": "crossing", "name": "Princeton Avenue", "municipality": "Hopewell Borough", "length_ft": null, "decision": null, "traced_kerb_ft": null, "kerb_coverage": null, "crossings": null, "side": null, "source": null, "start_ft": null, "end_ft": null, "way_ids": null, "station_ft": 1428.08 }, "geometry": { "type": "Point", "coordinates": [ -74.756350002652084, 40.386620004793393 ] } },
{ "type": "Feature", "properties": { "kind": "crossing", "name": "Princeton Avenue", "municipality": "Hopewell Borough", "length_ft": null, "decision": null, "traced_kerb_ft": null, "kerb_coverage": null, "crossings": null, "side": null, "source": null, "start_ft": null, "end_ft": null, "way_ids": null, "station_ft": 1579.04 }, "geometry": { "type": "Point", "coordinates": [ -74.756149, 40.3862352 ] } },
{ "type": "Feature", "properties": { "kind": "street", "name": "Prospect Street", "municipality": "Hopewell Borough", "length_ft": 1151.67, "decision": null, "traced_kerb_ft": 0.0, "kerb_coverage": 0.0, "crossings": 2.0, "side": null, "source": null, "start_ft": null, "end_ft": null, "way_ids": null, "station_ft": null }, "geometry": { "type": "LineString", "coordinates": [ [ -74.7654961, 40.3858881 ], [ -74.7655828, 40.3858457 ], [ -74.7666818, 40.3853162 ], [ -74.7667509, 40.3852841 ], [ -74.7668466, 40.3852396 ], [ -74.768353, 40.3845129 ], [ -74.768424300000021, 40.3844789 ], [ -74.768493800000016, 40.3844457 ], [ -74.7689967, 40.384206 ] ] } },
{ "type": "Feature", "properties": { "kind": "crossing", "name": "Prospect Street", "municipality": "Hopewell Borough", "length_ft": null, "decision": null, "traced_kerb_ft": null, "kerb_coverage": null, "crossings": null, "side": null, "source": null, "start_ft": null, "end_ft": null, "way_ids": null, "station_ft": 413.02 }, "geometry": { "type": "Point", "coordinates": [ -74.766750903392108, 40.385284098422702 ] } },
{ "type": "Feature", "properties": { "kind": "crossing", "name": "Prospect Street", "municipality": "Hopewell Borough", "length_ft": null, "decision": null, "traced_kerb_ft": null, "kerb_coverage": null, "crossings": null, "side": null, "source": null, "start_ft": null, "end_ft": null, "way_ids": null, "station_ft": 963.77 }, "geometry": { "type": "Point", "coordinates": [ -74.768424309316941, 40.384478895549321 ] } },
{ "type": "Feature", "properties": { "kind": "street", "name": "Prospect Street", "municipality": "Hopewell Borough", "length_ft": 2545.33, "decision": null, "traced_kerb_ft": 97.34, "kerb_coverage": 0.0191, "crossings": 4.0, "side": null, "source": null, "start_ft": null, "end_ft": null, "way_ids": null, "station_ft": null }, "geometry": { "type": "LineString", "coordinates": [ [ -74.7607323, 40.3873191 ], [ -74.76065, 40.3873447 ], [ -74.759503100000018, 40.3876679 ], [ -74.7594397, 40.387685 ], [ -74.7573626, 40.3882194 ], [ -74.7573319, 40.3882251 ], [ -74.7572458, 40.3882413 ], [ -74.757166700000013, 40.3882554 ], [ -74.757136, 40.3882615 ], [ -74.755544, 40.3886646 ], [ -74.7554354, 40.3886941 ], [ -74.7549338, 40.3888166 ], [ -74.7547068, 40.3888742 ], [ -74.7525117, 40.3894185 ], [ -74.7521424, 40.3895127 ], [ -74.752066541327608, 40.389532051128121 ] ] } },
{ "type": "Feature", "properties": { "kind": "kerb", "name": "Prospect Street", "municipality": "Hopewell Borough", "length_ft": 9.66, "decision": null, "traced_kerb_ft": null, "kerb_coverage": null, "crossings": null, "side": "left", "source": "OSM tracing", "start_ft": 997.47, "end_ft": 1007.13, "way_ids": "1550642022,1550642017,1550642023", "station_ft": null }, "geometry": { "type": "LineString", "coordinates": [ [ -74.7573651, 40.3882632 ], [ -74.757364133282223, 40.388341211119915 ], [ -74.757352566637465, 40.38831995556059 ], [ -74.757341, 40.3882987 ] ] } },
{ "type": "Feature", "properties": { "kind": "kerb", "name": "Prospect Street", "municipality": "Hopewell Borough", "length_ft": 16.37, "decision": null, "traced_kerb_ft": null, "kerb_coverage": null, "crossings": null, "side": "left", "source": "OSM tracing", "start_ft": 1035.34, "end_ft": 1051.71, "way_ids": "1550642011,1550642016,1550642015", "station_ft": null }, "geometry": { "type": "LineString", "coordinates": [ [ -74.757253757060241, 40.388357614300048 ], [ -74.757242478526678, 40.388337057150622 ], [ -74.7572312, 40.3883165 ], [ -74.7572084, 40.3882977 ], [ -74.7571755, 40.3882945 ] ] } },
{ "type": "Feature", "properties": { "kind": "kerb", "name": "Prospect Street", "municipality": "Hopewell Borough", "length_ft": 63.09, "decision": null, "traced_kerb_ft": null, "kerb_coverage": null, "crossings": null, "side": "right", "source": "OSM tracing", "start_ft": 954.6, "end_ft": 1017.69, "way_ids": "1550642021,1550642012,1550642020", "station_ft": null }, "geometry": { "type": "LineString", "coordinates": [ [ -74.757483, 40.38815060000001 ], [ -74.757452660013456, 40.388158060015911 ], [ -74.757422320020183, 40.388165520023854 ], [ -74.757391980020202, 40.388172980023853 ], [ -74.757361640013471, 40.388180440015908 ], [ -74.7573313, 40.3881879 ], [ -74.757292058317205, 40.388183559682687 ], [ -74.7572644, 40.3881616 ], [ -74.7572482, 40.3881317 ] ] } },
{ "type": "Feature", "properties": { "kind": "kerb", "name": "Prospect Street", "municipality": "Hopewell Borough", "length_ft": 8.22, "decision": null, "traced_kerb_ft": null, "kerb_coverage": null, "crossings": null, "side": "right", "source": "OSM tracing", "start_ft": 1047.85, "end_ft": 1056.07, "way_ids": "1550642013,1550642014", "station_ft": null }, "geometry": { "type": "LineString", "coordinates": [ [ -74.7571585, 40.3881964 ], [ -74.757134995795113, 40.388142732821436 ], [ -74.7571368, 40.3882282 ] ] } },
{ "type": "Feature", "properties": { "kind": "crossing", "name": "Prospect Street", "municipality": "Hopewell Borough", "length_ft": null, "decision": null, "traced_kerb_ft": null, "kerb_coverage": null, "crossings": null, "side": null, "source": null, "start_ft": null, "end_ft": null, "way_ids": null, "station_ft": 383.94 }, "geometry": { "type": "Point", "coordinates": [ -74.759439714153316, 40.387684996182635 ] } },
{ "type": "Feature", "properties": { "kind": "crossing", "name": "Prospect Street", "municipality": "Hopewell Borough", "length_ft": null, "decision": null, "traced_kerb_ft": null, "kerb_coverage": null, "crossings": null, "side": null, "source": null, "start_ft": null, "end_ft": null, "way_ids": null, "station_ft": 1027.88 }, "geometry": { "type": "Point", "coordinates": [ -74.757245798839634, 40.388241300206836 ] } },
{ "type": "Feature", "properties": { "kind": "crossing", "name": "Prospect Street", "municipality": "Hopewell Borough", "length_ft": null, "decision": null, "traced_kerb_ft": null, "kerb_coverage": null, "crossings": null, "side": null, "source": null, "start_ft": null, "end_ft": null, "way_ids": null, "station_ft": 1558.56 }, "geometry": { "type": "Point", "coordinates": [ -74.755435400452043, 40.388694099877213 ] } },
{ "type": "Feature", "properties": { "kind": "crossing", "name": "Prospect Street", "municipality": "Hopewell Borough", "length_ft": null, "decision": null, "traced_kerb_ft": null, "kerb_coverage": null, "crossings": null, "side": null, "source": null, "start_ft": null, "end_ft": null, "way_ids": null, "station_ft": 2414.62 }, "geometry": { "type": "Point", "coordinates": [ -74.752511691473458, 40.389418502174941 ] } },
{ "type": "Feature", "properties": { "kind": "street", "name": "Railroad Place", "municipality": "Hopewell Borough", "length_ft": 1097.58, "decision": null, "traced_kerb_ft": 0.0, "kerb_coverage": 0.0, "crossings": 3.0, "side": null, "source": null, "start_ft": null, "end_ft": null, "way_ids": null, "station_ft": null }, "geometry": { "type": "LineString", "coordinates": [ [ -74.7632827, 40.3909189 ], [ -74.7632201, 40.3909488 ], [ -74.7631868, 40.3909648 ], [ -74.7628557, 40.3911243 ], [ -74.7624011, 40.3913608 ], [ -74.7620651, 40.3915357 ], [ -74.7619314, 40.391606400000015 ], [ -74.7614149, 40.3918736 ], [ -74.7609452, 40.3921266 ], [ -74.7607032, 40.3922375 ], [ -74.760448, 40.392323 ], [ -74.7602592, 40.3923725 ], [ -74.759921, 40.392464 ] ] } },
{ "type": "Feature", "properties": { "kind": "crossing", "name": "Railroad Place", "municipality": "Hopewell Borough", "length_ft": null, "decision": null, "traced_kerb_ft": null, "kerb_coverage": null, "crossings": null, "side": null, "source": null, "start_ft": null, "end_ft": null, "way_ids": null, "station_ft": 0.0 }, "geometry": { "type": "Point", "coordinates": [ -74.7632827, 40.3909189 ] } },
{ "type": "Feature", "properties": { "kind": "crossing", "name": "Railroad Place", "municipality": "Hopewell Borough", "length_ft": null, "decision": null, "traced_kerb_ft": null, "kerb_coverage": null, "crossings": null, "side": null, "source": null, "start_ft": null, "end_ft": null, "way_ids": null, "station_ft": 452.15 }, "geometry": { "type": "Point", "coordinates": [ -74.761931411228971, 40.391606394062194 ] } },
{ "type": "Feature", "properties": { "kind": "crossing", "name": "Railroad Place", "municipality": "Hopewell Borough", "length_ft": null, "decision": null, "traced_kerb_ft": null, "kerb_coverage": null, "crossings": null, "side": null, "source": null, "start_ft": null, "end_ft": null, "way_ids": null, "station_ft": 1097.58 }, "geometry": { "type": "Point", "coordinates": [ -74.759921, 40.392464 ] } },
{ "type": "Feature", "properties": { "kind": "street", "name": "Seminary Avenue", "municipality": "Hopewell Borough", "length_ft": 780.56, "decision": null, "traced_kerb_ft": 186.6, "kerb_coverage": 0.1195, "crossings": 3.0, "side": null, "source": null, "start_ft": null, "end_ft": null, "way_ids": null, "station_ft": null }, "geometry": { "type": "LineString", "coordinates": [ [ -74.760529, 40.3896592 ], [ -74.7604928, 40.3895907 ], [ -74.7603137, 40.3892654 ], [ -74.760295, 40.3892316 ], [ -74.7601032, 40.3888841 ], [ -74.7599979, 40.3886867 ], [ -74.7599852, 40.388663 ], [ -74.7599568, 40.3886084 ], [ -74.7599296, 40.3885602 ], [ -74.7599165, 40.3885368 ], [ -74.7594889, 40.3877747 ], [ -74.7594397, 40.387685 ] ] } },
{ "type": "Feature", "properties": { "kind": "kerb", "name": "Seminary Avenue", "municipality": "Hopewell Borough", "length_ft": 86.64, "decision": null, "traced_kerb_ft": null, "kerb_coverage": null, "crossings": null, "side": "left", "source": "OSM tracing", "start_ft": 19.89, "end_ft": 106.53, "way_ids": "1546869366,1547330309,1547330310,1547330311", "station_ft": null }, "geometry": { "type": "LineString", "coordinates": [ [ -74.7604268, 40.3896319 ], [ -74.760394575012327, 40.389640475013451 ], [ -74.760362350016436, 40.389649050017937 ], [ -74.7604561, 40.3896097 ], [ -74.7604515, 40.3895905 ], [ -74.760439822192964, 40.389569411116227 ], [ -74.760428144393245, 40.389548322231171 ], [ -74.760416466600844, 40.389527233344843 ], [ -74.760404788815748, 40.389506144457236 ], [ -74.76039311103797, 40.38948505556835 ], [ -74.760381433267511, 40.389463966678186 ], [ -74.760369755504357, 40.389442877786742 ], [ -74.760358077748535, 40.389421788894012 ], [ -74.7603464, 40.3894007 ] ] } },
{ "type": "Feature", "properties": { "kind": "kerb", "name": "Seminary Avenue", "municipality": "Hopewell Borough", "length_ft": 99.96, "decision": null, "traced_kerb_ft": null, "kerb_coverage": null, "crossings": null, "side": "right", "source": "OSM tracing", "start_ft": 17.0, "end_ft": 116.96, "way_ids": "1546869365,1547330312,1547330313", "station_ft": null }, "geometry": { "type": "LineString", "coordinates": [ [ -74.76065207146253, 40.389570842893917 ], [ -74.760622885734662, 40.389578671450629 ], [ -74.7605937, 40.3895865 ], [ -74.7605562, 40.3895644 ], [ -74.760544727238397, 40.389544245460698 ], [ -74.760533254483661, 40.389524090920155 ], [ -74.76052178173579, 40.389503936378404 ], [ -74.760510308994782, 40.389483781835395 ], [ -74.760498836260652, 40.389463627291178 ], [ -74.760487363533372, 40.389443472745711 ], [ -74.76047589081297, 40.389423318199043 ], [ -74.760464418099431, 40.389403163651124 ], [ -74.760452945392757, 40.389383009101977 ], [ -74.760441472692946, 40.389362854551592 ], [ -74.76043, 40.3893427 ] ] } },
{ "type": "Feature", "properties": { "kind": "crossing", "name": "Seminary Avenue", "municipality": "Hopewell Borough", "length_ft": null, "decision": null, "traced_kerb_ft": null, "kerb_coverage": null, "crossings": null, "side": null, "source": null, "start_ft": null, "end_ft": null, "way_ids": null, "station_ft": 0.0 }, "geometry": { "type": "Point", "coordinates": [ -74.760529, 40.3896592 ] } },
{ "type": "Feature", "properties": { "kind": "crossing", "name": "Seminary Avenue", "municipality": "Hopewell Borough", "length_ft": null, "decision": null, "traced_kerb_ft": null, "kerb_coverage": null, "crossings": null, "side": null, "source": null, "start_ft": null, "end_ft": null, "way_ids": null, "station_ft": 414.65 }, "geometry": { "type": "Point", "coordinates": [ -74.759956794885582, 40.388608390936994 ] } },
{ "type": "Feature", "properties": { "kind": "crossing", "name": "Seminary Avenue", "municipality": "Hopewell Borough", "length_ft": null, "decision": null, "traced_kerb_ft": null, "kerb_coverage": null, "crossings": null, "side": null, "source": null, "start_ft": null, "end_ft": null, "way_ids": null, "station_ft": 780.56 }, "geometry": { "type": "Point", "coordinates": [ -74.759439701622242, 40.387685002957632 ] } },
{ "type": "Feature", "properties": { "kind": "street", "name": "Shaftsbury Avenue", "municipality": "Hopewell Borough", "length_ft": 364.86, "decision": null, "traced_kerb_ft": 0.0, "kerb_coverage": 0.0, "crossings": 2.0, "side": null, "source": null, "start_ft": null, "end_ft": null, "way_ids": null, "station_ft": null }, "geometry": { "type": "LineString", "coordinates": [ [ -74.76594, 40.391896 ], [ -74.7658971, 40.3918439 ], [ -74.7658888, 40.3918337 ], [ -74.7654821, 40.3913386 ], [ -74.765447, 40.3912945 ], [ -74.7652429, 40.391048 ] ] } },
{ "type": "Feature", "properties": { "kind": "crossing", "name": "Shaftsbury Avenue", "municipality": "Hopewell Borough", "length_ft": null, "decision": null, "traced_kerb_ft": null, "kerb_coverage": null, "crossings": null, "side": null, "source": null, "start_ft": null, "end_ft": null, "way_ids": null, "station_ft": 0.0 }, "geometry": { "type": "Point", "coordinates": [ -74.76594, 40.391896 ] } },
{ "type": "Feature", "properties": { "kind": "crossing", "name": "Shaftsbury Avenue", "municipality": "Hopewell Borough", "length_ft": null, "decision": null, "traced_kerb_ft": null, "kerb_coverage": null, "crossings": null, "side": null, "source": null, "start_ft": null, "end_ft": null, "way_ids": null, "station_ft": 239.78 }, "geometry": { "type": "Point", "coordinates": [ -74.765482100596159, 40.391338600725746 ] } },
{ "type": "Feature", "properties": { "kind": "street", "name": "Somerset Street", "municipality": "Hopewell Borough", "length_ft": 1354.82, "decision": null, "traced_kerb_ft": 0.0, "kerb_coverage": 0.0, "crossings": 1.0, "side": null, "source": null, "start_ft": null, "end_ft": null, "way_ids": null, "station_ft": null }, "geometry": { "type": "LineString", "coordinates": [ [ -74.759921, 40.392464 ], [ -74.7597923, 40.3925124 ], [ -74.7597282, 40.3925444 ], [ -74.7593627, 40.3927265 ], [ -74.7592393, 40.392788 ], [ -74.7590277, 40.3928934 ], [ -74.7589274, 40.3929434 ], [ -74.7588303, 40.3929918 ], [ -74.7587515, 40.3930304 ], [ -74.7585672, 40.3931205 ], [ -74.755821, 40.394464 ] ] } },
{ "type": "Feature", "properties": { "kind": "crossing", "name": "Somerset Street", "municipality": "Hopewell Borough", "length_ft": null, "decision": null, "traced_kerb_ft": null, "kerb_coverage": null, "crossings": null, "side": null, "source": null, "start_ft": null, "end_ft": null, "way_ids": null, "station_ft": 0.0 }, "geometry": { "type": "Point", "coordinates": [ -74.759921, 40.392464 ] } },
{ "type": "Feature", "properties": { "kind": "street", "name": "Taylor Terrace", "municipality": "Hopewell Borough", "length_ft": 299.16, "decision": null, "traced_kerb_ft": 0.0, "kerb_coverage": 0.0, "crossings": 0.0, "side": null, "source": null, "start_ft": null, "end_ft": null, "way_ids": null, "station_ft": null }, "geometry": { "type": "LineString", "coordinates": [ [ -74.772059, 40.386575 ], [ -74.7729324, 40.3860971 ] ] } },
{ "type": "Feature", "properties": { "kind": "street", "name": "Taylor Terrace", "municipality": "Hopewell Borough", "length_ft": 2316.68, "decision": null, "traced_kerb_ft": 0.0, "kerb_coverage": 0.0, "crossings": 1.0, "side": null, "source": null, "start_ft": null, "end_ft": null, "way_ids": null, "station_ft": null }, "geometry": { "type": "LineString", "coordinates": [ [ -74.7729324, 40.3860971 ], [ -74.773371, 40.38586 ], [ -74.7741374, 40.3855017 ], [ -74.7748734, 40.3851376 ], [ -74.7749513, 40.38506 ], [ -74.77497, 40.385001 ], [ -74.774992, 40.384931 ], [ -74.774989, 40.384859 ], [ -74.77498, 40.384835 ], [ -74.774965, 40.384795 ], [ -74.774442, 40.384065 ], [ -74.774387, 40.384019 ], [ -74.774321, 40.383983 ], [ -74.774239, 40.383959 ], [ -74.774165, 40.383951 ], [ -74.774084, 40.383955 ], [ -74.774034, 40.383965 ], [ -74.77396, 40.383992 ], [ -74.772285, 40.384798 ], [ -74.772234, 40.384841 ], [ -74.772202, 40.384888 ], [ -74.772184, 40.384944 ], [ -74.772187, 40.385005 ], [ -74.77221, 40.385059 ], [ -74.772435, 40.38541 ], [ -74.772669, 40.385777 ], [ -74.7728987, 40.3860546 ], [ -74.7729324, 40.3860971 ] ] } },
{ "type": "Feature", "properties": { "kind": "crossing", "name": "Taylor Terrace", "municipality": "Hopewell Borough", "length_ft": null, "decision": null, "traced_kerb_ft": null, "kerb_coverage": null, "crossings": null, "side": null, "source": null, "start_ft": null, "end_ft": null, "way_ids": null, "station_ft": 1209.28 }, "geometry": { "type": "Point", "coordinates": [ -74.774033992736832, 40.383965002650093 ] } },
{ "type": "Feature", "properties": { "kind": "street", "name": "Voorhees Avenue", "municipality": "Hopewell Borough", "length_ft": 262.95, "decision": null, "traced_kerb_ft": 0.0, "kerb_coverage": 0.0, "crossings": 2.0, "side": null, "source": null, "start_ft": null, "end_ft": null, "way_ids": null, "station_ft": null }, "geometry": { "type": "LineString", "coordinates": [ [ -74.7647628, 40.389953 ], [ -74.7647298, 40.3899145 ], [ -74.7647078, 40.3898895 ], [ -74.764651, 40.389825 ], [ -74.7645097, 40.3896486 ], [ -74.7642822, 40.3893645 ], [ -74.764248, 40.3893547 ] ] } },
{ "type": "Feature", "properties": { "kind": "crossing", "name": "Voorhees Avenue", "municipality": "Hopewell Borough", "length_ft": null, "decision": null, "traced_kerb_ft": null, "kerb_coverage": null, "crossings": null, "side": null, "source": null, "start_ft": null, "end_ft": null, "way_ids": null, "station_ft": 0.0 }, "geometry": { "type": "Point", "coordinates": [ -74.7647628, 40.389953 ] } },
{ "type": "Feature", "properties": { "kind": "crossing", "name": "Voorhees Avenue", "municipality": "Hopewell Borough", "length_ft": null, "decision": null, "traced_kerb_ft": null, "kerb_coverage": null, "crossings": null, "side": null, "source": null, "start_ft": null, "end_ft": null, "way_ids": null, "station_ft": 262.95 }, "geometry": { "type": "Point", "coordinates": [ -74.764248, 40.3893547 ] } },
{ "type": "Feature", "properties": { "kind": "street", "name": "Walnut Street", "municipality": "Hopewell Borough", "length_ft": 308.84, "decision": null, "traced_kerb_ft": 0.0, "kerb_coverage": 0.0, "crossings": 1.0, "side": null, "source": null, "start_ft": null, "end_ft": null, "way_ids": null, "station_ft": null }, "geometry": { "type": "LineString", "coordinates": [ [ -74.7652464, 40.39332970000001 ], [ -74.7651696, 40.3933639 ], [ -74.7651366, 40.3933788 ], [ -74.764291, 40.39376 ] ] } },
{ "type": "Feature", "properties": { "kind": "crossing", "name": "Walnut Street", "municipality": "Hopewell Borough", "length_ft": null, "decision": null, "traced_kerb_ft": null, "kerb_coverage": null, "crossings": null, "side": null, "source": null, "start_ft": null, "end_ft": null, "way_ids": null, "station_ft": 0.0 }, "geometry": { "type": "Point", "coordinates": [ -74.7652464, 40.39332970000001 ] } },
{ "type": "Feature", "properties": { "kind": "street", "name": "Washington Avenue", "municipality": "Hopewell Borough", "length_ft": 647.83, "decision": null, "traced_kerb_ft": 0.0, "kerb_coverage": 0.0, "crossings": 1.0, "side": null, "source": null, "start_ft": null, "end_ft": null, "way_ids": null, "station_ft": null }, "geometry": { "type": "LineString", "coordinates": [ [ -74.764627390833013, 40.394514099636538 ], [ -74.7628595, 40.3952949 ], [ -74.7626888, 40.3953718 ], [ -74.7626032, 40.3953797 ] ] } },
{ "type": "Feature", "properties": { "kind": "crossing", "name": "Washington Avenue", "municipality": "Hopewell Borough", "length_ft": null, "decision": null, "traced_kerb_ft": null, "kerb_coverage": null, "crossings": null, "side": null, "source": null, "start_ft": null, "end_ft": null, "way_ids": null, "station_ft": 568.63 }, "geometry": { "type": "Point", "coordinates": [ -74.762859509029667, 40.395294896012103 ] } },
{ "type": "Feature", "properties": { "kind": "street", "name": "Windsor Way", "municipality": "Hopewell Borough", "length_ft": 327.16, "decision": null, "traced_kerb_ft": 0.0, "kerb_coverage": 0.0, "crossings": 2.0, "side": null, "source": null, "start_ft": null, "end_ft": null, "way_ids": null, "station_ft": null }, "geometry": { "type": "LineString", "coordinates": [ [ -74.7735536, 40.3831515 ], [ -74.7736187, 40.3832391 ], [ -74.7736383, 40.3832661 ], [ -74.773901, 40.383629 ], [ -74.773962, 40.383748 ], [ -74.774034, 40.383965 ] ] } },
{ "type": "Feature", "properties": { "kind": "crossing", "name": "Windsor Way", "municipality": "Hopewell Borough", "length_ft": null, "decision": null, "traced_kerb_ft": null, "kerb_coverage": null, "crossings": null, "side": null, "source": null, "start_ft": null, "end_ft": null, "way_ids": null, "station_ft": 0.0 }, "geometry": { "type": "Point", "coordinates": [ -74.7735536, 40.3831515 ] } },
{ "type": "Feature", "properties": { "kind": "crossing", "name": "Windsor Way", "municipality": "Hopewell Borough", "length_ft": null, "decision": null, "traced_kerb_ft": null, "kerb_coverage": null, "crossings": null, "side": null, "source": null, "start_ft": null, "end_ft": null, "way_ids": null, "station_ft": 327.16 }, "geometry": { "type": "Point", "coordinates": [ -74.774033995842785, 40.383964987470684 ] } }
]
}
